URL,Model,Reference Code,Price,Box,Year,Product code,Case size,Case material,Bracelet,Dial type,Water resistance
https://www.watchfinder.com/Tag%20Heuer/Aquaracer/CAJ2110.FT6023/17960/item/294035,Aquaracer,CAJ2110.FT6023,2165,Yes,2020,294035,44 mm,Steel,Rubber - Black (Adjustable),Black Baton,500 m
https://www.watchfinder.com/Tag%20Heuer/Carrera/CAR201V.BA0714/37894/item/332374,Carrera,CAR201V.BA0714,3910,Yes,2020,332374,43 mm,Steel,Steel (length 18 cm),Skeleton Black Dial,100 m
https://www.watchfinder.com/Tag%20Heuer/Carrera/WV215D.BD0788/28663/item/311026,Carrera,WV215D.BD0788,2785,Yes,2016,311026,39 mm,Steel & Yellow Gold,Steel & Yellow Gold (length 16.5 cm),Silver Baton,100 m
https://www.watchfinder.com/Tag%20Heuer/Carrera/CAR2A11.BA0799/26885/item/318617,Carrera,CAR2A11.BA0799,3000,No,2015,318617,43 mm,Steel,Steel (length 18 cm),Grey Arabic,100 m
https://www.watchfinder.com/Tag%20Heuer/Carrera/CV2014.BA0786/29301/item/316410,Carrera,CV2014.BA0786,2525,No,2008,316410,41 mm,Steel,Steel (length 18 cm),Black Baton,50 m
https://www.watchfinder.com/Tag%20Heuer/Monaco/CW2111.FC6177/1551/item/335128,Monaco,CW2111.FC6177,3310,Yes,2015,335128,38 mm,Steel,,Black Baton,30 m
https://www.watchfinder.com/Tag%20Heuer/Formula%201/WAZ201A.FC8195/30708/item/325406,Formula 1,WAZ201A.FC8195,1420,Yes,2015,325406,43 mm,Titanium,Calf - Black (Adjustable),Black Baton,200 m
https://www.watchfinder.com/Tag%20Heuer/Carrera/WV211A.FC6181/12957/item/318504,Carrera,WV211A.FC6181,1505,Yes,2001,318504,39 mm,Steel,,Silver Baton,50 m
https://www.watchfinder.com/Tag%20Heuer/Carrera/CBN2A1E.BA0643/50342/item/334816,Carrera,CBN2A1E.BA0643,5350,Yes,2021,334816,44 mm,Steel,Steel (Adjustable),Blue Baton,100 m
https://www.watchfinder.com/Tag%20Heuer/Aquaracer/WBP201D.FT6197/54056/item/322488,Aquaracer,WBP201D.FT6197,2350,No,2022,322488,43 mm,Steel,Rubber - Black (Adjustable),White,300 m
https://www.watchfinder.com/Tag%20Heuer/Monaco/CBL2113.FC6177/55591/item/287194,Monaco,CBL2113.FC6177,5855,Yes,2022,287194,39 mm,Steel,,Black Baton,100 m
https://www.watchfinder.com/Tag%20Heuer/Aquaracer/WAY211A.BA0928/29555/item/317693,Aquaracer,WAY211A.BA0928,2300,Yes,2019,317693,41 mm,Steel,Steel (length 15 cm),Black Baton,300 m
https://www.watchfinder.com/Tag%20Heuer/Aquaracer/WBP231G.FT6226/58185/item/329261,Aquaracer,WBP231G.FT6226,2705,Yes,2022,329261,36 mm,Steel,Rubber - Turquoise (Adjustable),Turquoise Diamond,300 m
https://www.watchfinder.com/Tag%20Heuer/Aquaracer/CAY2110.BA0925/27477/item/306879,Aquaracer,CAY2110.BA0925,2420,Yes,2022,306879,43 mm,Steel,Steel (length 18 cm),Black Baton,300 m
https://www.watchfinder.com/Tag%20Heuer/Monaco/CBL2184.FT6236/58791/item/317397,Monaco,CBL2184.FT6236,11005,Yes,2023,317397,39 mm,Titanium,Leather - Black & Rubber (Adjustable),Skeleton,100 m
https://www.watchfinder.com/Tag%20Heuer/Monaco/CAW2111.FC6183/50064/item/334916,Monaco,CAW2111.FC6183,4780,No,2015,334916,39 mm,Steel,,Blue Baton,100 m
https://www.watchfinder.com/Tag%20Heuer/Carrera/CAR2C12.FC6327/27246/item/244800,Carrera,CAR2C12.FC6327,4780,Yes,2015,244800,45 mm,Steel,,Grey Arabic,100 m
https://www.watchfinder.com/Tag%20Heuer/Carrera/WBN2110.BA0639/55578/item/330891,Carrera,WBN2110.BA0639,2645,Yes,2025,330891,39 mm,Steel,Steel (length 15.2 cm),Black Baton,100 m
https://www.watchfinder.com/Tag%20Heuer/Monaco/CAW211P.FC6356/28477/item/327150,Monaco,CAW211P.FC6356,5295,Yes,2022,327150,39 mm,Steel,Leather - Black (Adjustable),Blue Baton,100 m
https://www.watchfinder.com/Tag%20Heuer/Carrera/CV2A1AB.BA0738/34680/item/307281,Carrera,CV2A1AB.BA0738,2085,Yes,2020,307281,43 mm,Steel,Steel (length 18 cm),Black Arabic,100 m
https://www.watchfinder.com/Tag%20Heuer/Carrera/CBN2A1B.BA0643/49867/item/321558,Carrera,CBN2A1B.BA0643,3910,Yes,2023,321558,44 mm,Steel,Steel (length 16 cm),Black Baton,100 m
https://www.watchfinder.com/Tag%20Heuer/Carrera/CBS5010.FC6543/58316/item/279089,Carrera,CBS5010.FC6543,16720,No,2023,279089,42 mm,Steel,Leather - Blue (length 15 cm),Blue Baton,100 m
https://www.watchfinder.com/Tag%20Heuer/Carrera/WAS2111.FC6293/24492/item/335658,Carrera,WAS2111.FC6293,2105,Yes,2012,335658,41 mm,Steel,,Silver Arabic,100 m
https://www.watchfinder.com/Tag%20Heuer/Carrera/CAR2A1Z.FT6044/29627/item/309846,Carrera,CAR2A1Z.FT6044,3730,Yes,2018,309846,45 mm,Steel,Rubber - Black (Adjustable),Skeleton,100 m
https://www.watchfinder.com/Tag%20Heuer/Monaco/CAW218C.FC6548/59737/item/315019,Monaco,CAW218C.FC6548,8360,Yes,2023,315019,39 mm,Titanium,Leather - Blue (Adjustable),Silver,100 m
https://www.watchfinder.com/Tag%20Heuer/Formula%201%20Sparkling/WAU2213.BA0861/23987/item/318772,Formula 1 Sparkling,WAU2213.BA0861,2570,Yes,2020,318772,37 mm,Ceramic,Ceramic & Steel (length 12.1 cm),White Diamond,200 m
https://www.watchfinder.com/Tag%20Heuer/Link/CAT2012.BA0952/28142/item/294809,Link,CAT2012.BA0952,2335,Yes,2013,294809,43 mm,Steel,Steel (length 17.5 cm),"Black Dial, Black Sub Dials",200 m
https://www.watchfinder.com/Tag%20Heuer/Carrera/CV211A.FC6335/29402/item/330331,Carrera,CV211A.FC6335,4885,Yes,2015,330331,41 mm,Steel,Leather - Blue (Adjustable),Blue Baton,100 m
https://www.watchfinder.com/Tag%20Heuer/Carrera/WBN201A.BA0640/55510/item/316037,Carrera,WBN201A.BA0640,3345,Yes,2023,316037,41 mm,Steel,Steel (length 18 cm),Blue Baton,100 m
https://www.watchfinder.com/Tag%20Heuer/Carrera/WAR5010.FC6266/28898/item/304772,Carrera,WAR5010.FC6266,3005,Yes,2023,304772,41 mm,Steel,,Black Baton,100 m
https://www.watchfinder.com/Tag%20Heuer/Monaco/CBL2113.FC6177/55591/item/340440,Monaco,CBL2113.FC6177,5985,Yes,2023,340440,39 mm,Steel,,Black Baton,100 m
https://www.watchfinder.com/Tag%20Heuer/Formula%201%20Sparkling/WAH1212.BA0859/16682/item/326459,Formula 1 Sparkling,WAH1212.BA0859,1505,No,2001,326459,35 mm,Ceramic,Ceramic - Black & Steel (length 15.2 cm),Black Baton,200 m
https://www.watchfinder.com/Tag%20Heuer/Carrera/CV201AP.FC6429/39302/item/330476,Carrera,CV201AP.FC6429,3235,Yes,2022,330476,41 mm,Steel,Leather - Black (Adjustable),Black Baton,100 m
https://www.watchfinder.com/Tag%20Heuer/Carrera/CBK2110.FC6266/43910/item/321869,Carrera,CBK2110.FC6266,2700,Yes,2020,321869,41 mm,Steel,,Black Baton,100 m
https://www.watchfinder.com/Tag%20Heuer/Aquaracer/WAP1112.BA0831/21378/item/323573,Aquaracer,WAP1112.BA0831,1025,Yes,2012,323573,39 mm,Steel,Steel (length 18 cm),Blue Baton,300 m
https://www.watchfinder.com/Tag%20Heuer/Carrera/CBN2A1F.FC6492/50096/item/333886,Carrera,CBN2A1F.FC6492,5115,Yes,2024,333886,44 mm,Steel,Leather - Black (Adjustable),Grey,100 m
https://www.watchfinder.com/Tag%20Heuer/Carrera%20Ladies/WBG1315.FC6412/38730/item/327176,Carrera Ladies,WBG1315.FC6412,2855,Yes,2015,327176,36 mm,Steel,Alligator - White (Adjustable),Mother of Pearl White - Diamond,100 m
https://www.watchfinder.com/Tag%20Heuer/Carrera/WAR201B.BA0723/26261/item/324410,Carrera,WAR201B.BA0723,2405,Yes,2021,324410,41 mm,Steel,Steel (length 18 cm),Silver Baton,100 m
https://www.watchfinder.com/Tag%20Heuer/Carrera/CAR2C11.FC6327/24482/item/266972,Carrera,CAR2C11.FC6327,3585,Yes,2013,266972,45 mm,Steel,,Grey & Silver,100 m
https://www.watchfinder.com/Tag%20Heuer/Carrera/CBK2112.BA0715/38077/item/283446,Carrera,CBK2112.BA0715,3345,Yes,2021,283446,41 mm,Steel,Steel (length 18.5 cm),Blue Baton,100 m
https://www.watchfinder.com/Tag%20Heuer/Carrera%20Ladies/WAR2413.BA0776/37187/item/306597,Carrera Ladies,WAR2413.BA0776,2435,Yes,2019,306597,28 mm,Steel,Steel (length 15 cm),Black Diamond,100 m
https://www.watchfinder.com/Tag%20Heuer/Carrera/CBN2012/60049/item/302566,Carrera,CBN2012,3735,Yes,2020,302566,42 mm,Steel,,Grey Baton,100 m
https://www.watchfinder.com/Tag%20Heuer/Carrera/CBN201D.FC6543/58318/item/330571,Carrera,CBN201D.FC6543,4115,Yes,2023,330571,42 mm,Steel,Leather - Blue (Adjustable),Blue Baton,100 m
https://www.watchfinder.com/Tag%20Heuer/Carrera/WV211B.BA0787/2928/item/324505,Carrera,WV211B.BA0787,1680,No,2008,324505,39 mm,Steel,Steel (length 18 cm),Black Baton,50 m
https://www.watchfinder.com/Tag%20Heuer/Aquaracer/CAJ2111.BA0872/50256/item/216610,Aquaracer,CAJ2111.BA0872,2175,Yes,2018,216610,44 mm,Steel,Steel (length 19 cm),Black Baton,500 m
https://www.watchfinder.com/Tag%20Heuer/Monaco/CAW211E.FC6414/52634/item/244949,Monaco,CAW211E.FC6414,10960,Yes,2021,244949,39 mm,Steel,Leather - Green (Adjustable),Green,100 m
https://www.watchfinder.com/Tag%20Heuer/Grand%20Carrera/WAV5111.BA0901/8805/item/321105,Grand Carrera,WAV5111.BA0901,2040,Yes,2012,321105,42 mm,Steel,Steel (length 18 cm),Black Baton,100 m
https://www.watchfinder.com/Tag%20Heuer/Carrera/WV3010.EB0025/9097/item/313127,Carrera,WV3010.EB0025,2335,Yes,2011,313127,43 mm,Steel,Rubber - Black (Adjustable),Black Baton,50 m
https://www.watchfinder.com/Tag%20Heuer/Carrera/CBG2A1Z.BA0658/40542/item/327531,Carrera,CBG2A1Z.BA0658,5370,Yes,2022,327531,45 mm,Steel,Steel (length 18.5 cm),Skeleton,100 m
https://www.watchfinder.com/Tag%20Heuer/Monaco/CBL2182.FT6235/58789/item/333425,Monaco,CBL2182.FT6235,9160,Yes,2024,333425,39 mm,Titanium,Leather & Rubber (Adjustable),Skeleton,100 m
https://www.watchfinder.com/Tag%20Heuer/Carrera/CBM2112.BA0651/41871/item/334987,Carrera,CBM2112.BA0651,3520,Yes,2022,334987,41 mm,Steel,Steel (length 17.5 cm),Blue Baton,100 m
https://www.watchfinder.com/Tag%20Heuer/Aquaracer/WBP201D.FT6197/54056/item/311536,Aquaracer,WBP201D.FT6197,2605,Yes,2023,311536,43 mm,Steel,Rubber - Black (Adjustable),White,300 m
https://www.watchfinder.com/Tag%20Heuer/Monaco/CAW2111.FC6183/62871/item/321439,Monaco,CAW2111.FC6183,4630,Yes,2014,321439,39 mm,Steel,Calf - Blue (Adjustable),Blue Baton,100 m
https://www.watchfinder.com/Tag%20Heuer/Carrera/CAR2110.FC6266/17967/item/303550,Carrera,CAR2110.FC6266,2275,Yes,2017,303550,41 mm,Steel,Crocodile - Black (Adjustable),Black Baton,100 m
https://www.watchfinder.com/Tag%20Heuer/Monaco/CW2113.FC6183/39642/item/326740,Monaco,CW2113.FC6183,3910,Yes,2007,326740,38 mm,Steel,,Blue Baton,30 m
https://www.watchfinder.com/Tag%20Heuer/Autavia/CBE511B.FC8279/61023/item/325688,Autavia,CBE511B.FC8279,4790,Yes,2023,325688,42 mm,Steel,Alligator - Black (Adjustable),Silver Arabic,100 m
https://www.watchfinder.com/Tag%20Heuer/Monaco/CBL2111.FC6453/46594/item/323658,Monaco,CBL2111.FC6453,5530,Yes,2022,323658,39 mm,Steel,,Blue Baton,100 m
https://www.watchfinder.com/Tag%20Heuer/Monaco/CAL5111.FC6299/26107/item/333428,Monaco,CAL5111.FC6299,8000,Yes,2015,333428,40 mm,Steel,,Blue,100 m
https://www.watchfinder.com/Tag%20Heuer/Carrera/WBN2113.BA0639/55576/item/306594,Carrera,WBN2113.BA0639,2765,Yes,2024,306594,39 mm,Steel,Steel (length 16 cm),Black Baton,100 m
https://www.watchfinder.com/Tag%20Heuer/Monaco/CAW211P.FC6356/28477/item/334219,Monaco,CAW211P.FC6356,4805,Yes,2024,334219,39 mm,Steel,Leather - Black (Adjustable),Blue Baton,100 m
https://www.watchfinder.com/Tag%20Heuer/Monaco/CBL2182.FT6235/58789/item/339130,Monaco,CBL2182.FT6235,10160,Yes,2023,339130,39 mm,Titanium,Leather & Rubber (Adjustable),Skeleton,100 m
https://www.watchfinder.com/Tag%20Heuer/Carrera/WAS2140.FC8176/24044/item/311071,Carrera,WAS2140.FC8176,4990,Yes,2021,311071,39 mm,Rose Gold,,Silver Arabic,100 m
https://www.watchfinder.com/Tag%20Heuer/Carrera/CBS2014.FT6293/62575/item/321924,Carrera,CBS2014.FT6293,8360,Yes,2025,321924,42 mm,Steel,Rubber - Black (Adjustable),Black Baton,100 m
https://www.watchfinder.com/Tag%20Heuer/Carrera/CV2A1V.BA0738/36193/item/325789,Carrera,CV2A1V.BA0738,3020,Yes,2022,325789,43 mm,Steel,Steel (length 18 cm),Blue Arabic,100 m
https://www.watchfinder.com/Tag%20Heuer/Carrera/CBN2A1F.FC6492/50096/item/319027,Carrera,CBN2A1F.FC6492,5015,Yes,2022,319027,44 mm,Steel,Leather - Black (length 17.5 cm),Grey,100 m
https://www.watchfinder.com/Tag%20Heuer/Aquaracer/WBP201D.FT6197/54056/item/335631,Aquaracer,WBP201D.FT6197,2760,Yes,2023,335631,43 mm,Steel,Rubber - Black (Adjustable),White,300 m
https://www.watchfinder.com/Tag%20Heuer/Carrera/CBG2010.FT6143/49933/item/317405,Carrera,CBG2010.FT6143,3965,Yes,2023,317405,43 mm,Steel,Rubber - Black (length 17.5 cm),Skeleton Black Dial,100 m
https://www.watchfinder.com/Tag%20Heuer/Carrera/CBN2A1F.FC6492/50096/item/330786,Carrera,CBN2A1F.FC6492,4750,Yes,2021,330786,44 mm,Steel,Leather - Black (Adjustable),Grey,100 m
https://www.watchfinder.com/Tag%20Heuer/Carrera/CBN2019.BA0642/59303/item/288025,Carrera,CBN2019.BA0642,5365,Yes,2022,288025,42 mm,Steel,Steel (length 18.5 cm),Black Baton,100 m
https://www.watchfinder.com/Tag%20Heuer/Monaco/CBL2113.FC6177/55591/item/249599,Monaco,CBL2113.FC6177,6125,Yes,2023,249599,39 mm,Steel,Alligator - Black (Adjustable),Black Baton,100 m
https://www.watchfinder.com/Tag%20Heuer/Carrera/CBK2112.BA0715/38077/item/297037,Carrera,CBK2112.BA0715,3550,No,2022,297037,41 mm,Steel,Steel (length 19 cm),Blue Baton,100 m
https://www.watchfinder.com/Tag%20Heuer/Carrera/CBG2A90.FT6173/56194/item/302028,Carrera,CBG2A90.FT6173,5475,Yes,2021,302028,45 mm,Ceramic,Rubber - Black (length 17.5 cm),Skeleton,100 m
https://www.watchfinder.com/Tag%20Heuer/Link/CJF211A.BA0594/15278/item/327767,Link,CJF211A.BA0594,2450,No,2010,327767,42 mm,Steel,Steel (length 18 cm),Black Baton,200 m
https://www.watchfinder.com/Tag%20Heuer/Link/WJF1354.BB0581/3651/item/334966,Link,WJF1354.BB0581,2045,No,2001,334966,27 mm,Steel & Yellow Gold,Steel & Yellow Gold (length 16.5 cm),Mother of Pearl White - Diamond,200 m
https://www.watchfinder.com/Tag%20Heuer/Carrera/CV2A10.FC6235/12790/item/318306,Carrera,CV2A10.FC6235,2760,No,2009,318306,41 mm,Steel,Leather Alligator Grain - Black (Adjustable),Black Baton,100 m
https://www.watchfinder.com/Tag%20Heuer/Formula%201/CAU2011.BA0873/24937/item/312459,Formula 1,CAU2011.BA0873,2190,Yes,2001,312459,44 mm,Steel,Ceramic & Steel (length 18 cm),Grey Baton,200 m
https://www.watchfinder.com/Tag%20Heuer/Autavia/CBE2118.FC8246/60403/item/333232,Autavia,CBE2118.FC8246,4885,Yes,2023,333232,42 mm,Steel,Leather - Black (Adjustable),Black,100 m
https://www.watchfinder.com/Tag%20Heuer/Carrera/CAR2012.BA0796/25415/item/319505,Carrera,CAR2012.BA0796,2580,Yes,2013,319505,43 mm,Steel,Steel (length 16 cm),White Arabic,100 m
https://www.watchfinder.com/Tag%20Heuer/Link/CAT2010.BA0952/22174/item/336470,Link,CAT2010.BA0952,1840,No,2014,336470,43 mm,Steel,Steel (length 18.5 cm),Black Baton,100 m
https://www.watchfinder.com/Tag%20Heuer/Carrera/CAR2A1H.FT6101/37307/item/308093,Carrera,CAR2A1H.FT6101,4270,Yes,2022,308093,45 mm,Steel,Leather - Black & Rubber (Adjustable),Black Arabic,100 m
https://www.watchfinder.com/Tag%20Heuer/Carrera/CV2010.BA0794/10071/item/315668,Carrera,CV2010.BA0794,1870,Yes,2010,315668,41 mm,Steel,Steel (length 17.5 cm),Black Baton,100 m
https://www.watchfinder.com/Tag%20Heuer/Carrera/CV2010.FC6233/10072/item/320371,Carrera,CV2010.FC6233,2465,No,2015,320371,41 mm,Steel,Leather - Black (Adjustable),Black Baton,100 m
https://www.watchfinder.com/Tag%20Heuer/Carrera/CAR201T.BA0766/34751/item/313158,Carrera,CAR201T.BA0766,3725,Yes,2021,313158,43 mm,Steel,Steel (length 18.5 cm),Blue Baton,100 m
https://www.watchfinder.com/Tag%20Heuer/Carrera/CAR2C12.FC6327/27246/item/255995,Carrera,CAR2C12.FC6327,3320,Yes,2016,255995,45 mm,Steel,,Grey Arabic,100 m
https://www.watchfinder.com/Tag%20Heuer/Formula%201/CAH1113.BA0850/5606/item/331310,Formula 1,CAH1113.BA0850,1505,No,2001,331310,41 mm,Steel,Steel (length 18 cm),Orange Baton,200 m
https://www.watchfinder.com/Tag%20Heuer/Carrera/CAR2A5A.FT6044/33192/item/244818,Carrera,CAR2A5A.FT6044,5865,No,2020,244818,45 mm,Rose Gold,Rubber - Black (Adjustable),Black Baton,100 m
https://www.watchfinder.com/Tag%20Heuer/Carrera/WBN2111.BA0639/54515/item/332001,Carrera,WBN2111.BA0639,1990,Yes,2023,332001,39 mm,Steel,Steel (length 17 cm),Silver Baton,100 m
https://www.watchfinder.com/Tag%20Heuer/Aquaracer/CAF2011.BA0815/5243/item/306677,Aquaracer,CAF2011.BA0815,1730,Yes,2001,306677,43 mm,Steel,Steel (length 18 cm),Silver Baton,300 m
https://www.watchfinder.com/Tag%20Heuer/Formula%201/WAZ2014.BA0842/38079/item/327514,Formula 1,WAZ2014.BA0842,1885,Yes,2023,327514,43 mm,Steel,Steel (length 16.5 cm),Blue Baton,200 m
https://www.watchfinder.com/Tag%20Heuer/Monaco/CAW2111.FC6183/50064/item/314556,Monaco,CAW2111.FC6183,4870,Yes,2015,314556,39 mm,Steel,,Blue Baton,100 m
https://www.watchfinder.com/Tag%20Heuer/Aquaracer/WAK211A.BA0830/28545/item/326400,Aquaracer,WAK211A.BA0830,2380,Yes,2016,326400,41 mm,Steel,Steel (length 18.5 cm),Black Baton,500 m
https://www.watchfinder.com/Tag%20Heuer/Monaco/CBL2113.FC6177/55591/item/330580,Monaco,CBL2113.FC6177,5955,Yes,2024,330580,39 mm,Steel,,Black Baton,100 m
https://www.watchfinder.com/Tag%20Heuer/Grand%20Carrera/WAV5111.BA0901/8805/item/326441,Grand Carrera,WAV5111.BA0901,1890,No,2008,326441,42 mm,Steel,Steel (length 18 cm),Black Baton,100 m
https://www.watchfinder.com/Tag%20Heuer/Aquaracer/WBP208C.FT6201/53548/item/309451,Aquaracer,WBP208C.FT6201,3430,Yes,2021,309451,43 mm,Steel,Rubber - Black (Adjustable),Black,300 m
https://www.watchfinder.com/Tag%20Heuer/Monaco/CBL2115.FC6494/55537/item/319536,Monaco,CBL2115.FC6494,5695,Yes,2023,319536,39 mm,Steel,Leather - Blue (Adjustable),Blue,100 m
https://www.watchfinder.com/Tag%20Heuer/Formula%201/WAZ2011.BA0843/32347/item/332486,Formula 1,WAZ2011.BA0843,2400,Yes,2023,332486,43 mm,Steel,Ceramic - Black & Steel (length 17.5 cm),Anthracite,200 m
https://www.watchfinder.com/Tag%20Heuer/Carrera/CAR201V.BA0714/37894/item/318502,Carrera,CAR201V.BA0714,3790,Yes,2019,318502,43 mm,Steel,Steel (length 19 cm),Skeleton Black Dial,100 m
https://www.watchfinder.com/Tag%20Heuer/Carrera/CV2A1R.FC6235/30956/item/320522,Carrera,CV2A1R.FC6235,3100,Yes,2017,320522,43 mm,Steel,Crocodile - Black (Adjustable),Black,100 m
https://www.watchfinder.com/Tag%20Heuer/Carrera/CV2A84.FC6394/33368/item/330607,Carrera,CV2A84.FC6394,3120,Yes,2019,330607,43 mm,Titanium,Leather - Brown (Adjustable),Black Arabic,100 m
https://www.watchfinder.com/Tag%20Heuer/Aquaracer/CAY2112.BA0927/30950/item/294823,Aquaracer,CAY2112.BA0927,2005,No,2018,294823,43 mm,Steel,Steel (length 18 cm),Blue Baton,300 m
https://www.watchfinder.com/Tag%20Heuer/Monaco/CAL5111.FC6299/26107/item/305160,Monaco,CAL5111.FC6299,8000,Yes,2015,305160,40 mm,Steel,,Blue,100 m
https://www.watchfinder.com/Tag%20Heuer/Autavia/CBE511B.FC8279/61023/item/336775,Autavia,CBE511B.FC8279,5045,Yes,2023,336775,42 mm,Steel,,Silver Arabic,100 m
https://www.watchfinder.com/Tag%20Heuer/Monaco/CBL2116.FC6497/51108/item/260509,Monaco,CBL2116.FC6497,8720,Yes,2021,260509,39 mm,Steel,,Green Baton,100 m
https://www.watchfinder.com/Tag%20Heuer/Monaco/CW2112.FC6177/1555/item/330585,Monaco,CW2112.FC6177,2945,No,2002,330585,38 mm,Steel,Leather - Black (Adjustable),Silver Baton,30 m
https://www.watchfinder.com/Tag%20Heuer/Grand%20Carrera/WAV5113.BA0901/8810/item/325890,Grand Carrera,WAV5113.BA0901,2500,Yes,2008,325890,42 mm,Steel,Steel (length 18.5 cm),Brown Baton,100 m
https://www.watchfinder.com/Tag%20Heuer/Aquaracer/WBP2110.BA0627/56833/item/317101,Aquaracer,WBP2110.BA0627,1995,Yes,2023,317101,40 mm,Steel,Steel (length 17.5 cm),Black Baton,200 m
https://www.watchfinder.com/Tag%20Heuer/Carrera/CBS2211.FC6545/62707/item/331025,Carrera,CBS2211.FC6545,5310,Yes,2024,331025,39 mm,Steel,Leather - Black (Adjustable),Green Baton,100 m
https://www.watchfinder.com/Tag%20Heuer/Carrera/CV2010.BA0794/10071/item/307726,Carrera,CV2010.BA0794,2300,Yes,2013,307726,41 mm,Steel,Steel (length 17.5 cm),Black Baton,100 m
https://www.watchfinder.com/Tag%20Heuer/Carrera/CAR2A1N.FT6100/35247/item/255287,Carrera,CAR2A1N.FT6100,3360,Yes,2017,255287,45 mm,Steel,Leather - Blue & Black Rubber (Adjustable),Blue Arabic,100 m
https://www.watchfinder.com/Tag%20Heuer/Carrera%20Ladies/WAR2416.BA0776/35824/item/311689,Carrera Ladies,WAR2416.BA0776,1685,No,2020,311689,28 mm,Steel,Steel (length 14.5 cm),Silver Baton,100 m
https://www.watchfinder.com/Tag%20Heuer/Carrera/CAR2B10.FC6235/34261/item/281923,Carrera,CAR2B10.FC6235,4360,Yes,2014,281923,43 mm,Steel,,Black,100 m
https://www.watchfinder.com/Tag%20Heuer/Monaco/CBL2113.BA0644/51936/item/338995,Monaco,CBL2113.BA0644,5085,Yes,2020,338995,39 mm,Steel,Steel (length 18 cm),Black Baton,100 m
https://www.watchfinder.com/Tag%20Heuer/Formula%201/WAZ2011.BA0843/32347/item/198699,Formula 1,WAZ2011.BA0843,2170,Yes,2020,198699,43 mm,Steel,Ceramic - Black & Steel (length 18 cm),Anthracite,200 m
https://www.watchfinder.com/Tag%20Heuer/Carrera/WBN2111.FC6505/55539/item/334008,Carrera,WBN2111.FC6505,2570,Yes,2024,334008,39 mm,Steel,Alligator - Black (Adjustable),Silver Baton,100 m
https://www.watchfinder.com/Tag%20Heuer/Aquaracer/WBP2010.FT6198/58181/item/318246,Aquaracer,WBP2010.FT6198,2750,No,2023,318246,43 mm,Steel,Rubber - Blue (Adjustable),Blue,300 m
https://www.watchfinder.com/Tag%20Heuer/Formula%201/WAZ2011.BA0843/32347/item/325736,Formula 1,WAZ2011.BA0843,2170,Yes,2020,325736,43 mm,Steel,Ceramic - Black & Steel (length 17.5 cm),Anthracite,200 m
https://www.watchfinder.com/Tag%20Heuer/Grand%20Carrera/WAV5111.BA0901/8805/item/311884,Grand Carrera,WAV5111.BA0901,1890,No,2008,311884,42 mm,Steel,Steel (length 17.5 cm),Black Baton,100 m
https://www.watchfinder.com/Tag%20Heuer/Carrera/CV2A1M.BA0796/25211/item/318454,Carrera,CV2A1M.BA0796,3055,No,2017,318454,43 mm,Steel,Steel (length 18 cm),Anthracite,100 m
https://www.watchfinder.com/Tag%20Heuer/Aquaracer/WAF1312.BA0817/8675/item/334234,Aquaracer,WAF1312.BA0817,1255,Yes,2001,334234,32 mm,Steel,Steel (length 13 cm),Mother of Pearl White - Diamond,300 m
https://www.watchfinder.com/Tag%20Heuer/Carrera/CAR2A1W.BA0703/30969/item/320398,Carrera,CAR2A1W.BA0703,3550,No,2018,320398,43 mm,Steel,Steel (length 18 cm),Skeleton Black Dial,100 m
https://www.watchfinder.com/Tag%20Heuer/Link/CJF7110.BA0592/10069/item/326444,Link,CJF7110.BA0592,1345,Yes,2015,326444,42 mm,Steel,Steel (length 17.1 cm),Black Baton,200 m
https://www.watchfinder.com/Tag%20Heuer/Carrera/CBN2A1F.FC6492/50096/item/323459,Carrera,CBN2A1F.FC6492,4750,Yes,2021,323459,44 mm,Steel,Leather - Black (Adjustable),Grey,100 m
https://www.watchfinder.com/Tag%20Heuer/Aquaracer/WBP201D.FT6197/54056/item/325421,Aquaracer,WBP201D.FT6197,2760,Yes,2023,325421,43 mm,Steel,Rubber - Black (Adjustable),White,300 m
https://www.watchfinder.com/Tag%20Heuer/Carrera/CAR2110.FC6266/17967/item/318506,Carrera,CAR2110.FC6266,2525,Yes,2014,318506,41 mm,Steel,,Black Baton,100 m
https://www.watchfinder.com/Tag%20Heuer/Aquaracer/WAY211A.BA0928/29555/item/330598,Aquaracer,WAY211A.BA0928,2105,Yes,2015,330598,41 mm,Steel,Steel (length 18 cm),Black Baton,300 m
https://www.watchfinder.com/Tag%20Heuer/Carrera/CV211D.BA0739/35020/item/329186,Carrera,CV211D.BA0739,3550,Yes,2018,329186,41 mm,Steel,Steel (length 18 cm),Black Baton,100 m
https://www.watchfinder.com/Tag%20Heuer/Carrera/CBN2A1AA.FT6228/58183/item/334533,Carrera,CBN2A1AA.FT6228,3550,Yes,2022,334533,44 mm,Steel,Rubber - Black (Adjustable),Black,100 m
https://www.watchfinder.com/Tag%20Heuer/Aquaracer/WBP1110.BA0627/55571/item/336082,Aquaracer,WBP1110.BA0627,1460,No,2022,336082,40 mm,Steel,Steel (length 16.5 cm),Black Baton,200 m
https://www.watchfinder.com/Tag%20Heuer/Carrera/CV201AS.FC6429/44761/item/319619,Carrera,CV201AS.FC6429,3070,Yes,2024,319619,41 mm,Steel,Leather - Black (Adjustable),Black Baton,100 m
https://www.watchfinder.com/Tag%20Heuer/Carrera/CBG2A10.BA0654/50580/item/302840,Carrera,CBG2A10.BA0654,4840,Yes,2020,302840,45 mm,Steel,Steel (length 18.5 cm),Skeleton Black Dial,100 m
https://www.watchfinder.com/Tag%20Heuer/Grand%20Carrera/CAV518B.FC6237/9091/item/303809,Grand Carrera,CAV518B.FC6237,2605,Yes,2001,303809,43 mm,Titanium,,"Black Dial, Black Sub Dials",100 m
https://www.watchfinder.com/Tag%20Heuer/Carrera/CAR2A1J.FC6400/61269/item/260224,Carrera,CAR2A1J.FC6400,4750,Yes,2018,260224,45 mm,Steel,Rubber - Black (Adjustable),Skeleton,100 m
https://www.watchfinder.com/Tag%20Heuer/Formula%201/WAZ2014.BA0842/38079/item/314823,Formula 1,WAZ2014.BA0842,1715,Yes,2018,314823,43 mm,Steel,Steel (length 18 cm),Blue Baton,200 m
https://www.watchfinder.com/Tag%20Heuer/Link/CT2115.BA0550/2404/item/316241,Link,CT2115.BA0550,2640,Yes,2002,316241,40 mm,Steel,Steel (length 16 cm),Black Baton,200 m
https://www.watchfinder.com/Tag%20Heuer/Aquaracer/WBP201D.FT6197/54056/item/309729,Aquaracer,WBP201D.FT6197,2760,Yes,2023,309729,43 mm,Steel,Rubber - Black (Adjustable),White,300 m
https://www.watchfinder.com/Tag%20Heuer/Carrera/CBN2010.BA0642/48672/item/294833,Carrera,CBN2010.BA0642,4750,No,2021,294833,42 mm,Steel,Steel (length 18.5 cm),Black Baton,100 m
https://www.watchfinder.com/Tag%20Heuer/Carrera/CBG2A1Z.BA0658/40542/item/317641,Carrera,CBG2A1Z.BA0658,5155,Yes,2022,317641,45 mm,Steel,Steel (length 18 cm),Skeleton,100 m
https://www.watchfinder.com/Tag%20Heuer/Carrera/WAR5010.BA0723/27026/item/302072,Carrera,WAR5010.BA0723,1870,Yes,2001,302072,41 mm,Steel,Steel (length 18.5 cm),Black Baton,100 m
https://www.watchfinder.com/Tag%20Heuer/Carrera/CBG2A1Z.BA0658/40542/item/260493,Carrera,CBG2A1Z.BA0658,4690,Yes,2019,260493,45 mm,Steel,Steel (length 17.5 cm),Skeleton,100 m
https://www.watchfinder.com/Tag%20Heuer/Carrera/CBK221B.FC6479/47756/item/306781,Carrera,CBK221B.FC6479,5835,Yes,2021,306781,39 mm,Steel,,Silver Baton,100 m
https://www.watchfinder.com/Tag%20Heuer/Carrera/WAR201C.BA0723/25863/item/318870,Carrera,WAR201C.BA0723,2375,Yes,2020,318870,41 mm,Steel,Steel (length 17 cm),Black Baton,100 m
https://www.watchfinder.com/Tag%20Heuer/Carrera/WBN2110.BA0639/55578/item/323860,Carrera,WBN2110.BA0639,2210,Yes,2023,323860,39 mm,Steel,Steel (length 17.1 cm),Black Baton,100 m
https://www.watchfinder.com/Tag%20Heuer/Carrera/CAR5A8W.FT6071/36543/item/295971,Carrera,CAR5A8W.FT6071,11490,Yes,2021,295971,45 mm,Titanium,Rubber - Black (Adjustable),Black,100 m
https://www.watchfinder.com/Tag%20Heuer/Carrera/CV2010.FC6205/13606/item/325209,Carrera,CV2010.FC6205,1685,Yes,2001,325209,41 mm,Steel,,Black Baton,100 m
https://www.watchfinder.com/Tag%20Heuer/Carrera/CV2010.BA0794/10071/item/326423,Carrera,CV2010.BA0794,2520,Yes,2015,326423,41 mm,Steel,Steel (length 16 cm),Black Baton,100 m
https://www.watchfinder.com/Tag%20Heuer/Carrera/CBG2010.BA0662/41155/item/299599,Carrera,CBG2010.BA0662,5235,Yes,2023,299599,43 mm,Steel,Steel (length 18.5 cm),Skeleton,100 m
https://www.watchfinder.com/Tag%20Heuer/Aquaracer/WAY201B.BA0927/30936/item/325729,Aquaracer,WAY201B.BA0927,2375,No,2018,325729,43 mm,Steel,Steel (length 18 cm),Blue Baton,300 m
https://www.watchfinder.com/Tag%20Heuer/Monaco/CBL2113.BA0644/51936/item/320129,Monaco,CBL2113.BA0644,5470,Yes,2022,320129,39 mm,Steel,Steel (length 18 cm),Black Baton,100 m
https://www.watchfinder.com/Tag%20Heuer/Formula%201/CAZ201E.FC6517/57196/item/328708,Formula 1,CAZ201E.FC6517,3695,Yes,2021,328708,44 mm,Steel,,Black Baton,200 m
https://www.watchfinder.com/Tag%20Heuer/Carrera/CAR2A10.FC6235/24077/item/333654,Carrera,CAR2A10.FC6235,2760,Yes,2016,333654,43 mm,Steel,Crocodile - Black (Adjustable),Black Arabic,100 m
https://www.watchfinder.com/Tag%20Heuer/Carrera/CAS2111.BA0730/23985/item/328767,Carrera,CAS2111.BA0730,2335,No,2023,328767,41 mm,Steel,Steel (length 17.5 cm),Silver Arabic,100 m
https://www.watchfinder.com/Tag%20Heuer/Aquaracer/CAY211B.BA0927/30949/item/330784,Aquaracer,CAY211B.BA0927,2515,Yes,2022,330784,43 mm,Steel,Steel (length 17 cm),Blue Baton,300 m
https://www.watchfinder.com/Tag%20Heuer/Autavia/CBE2118.FC8246/60403/item/323279,Autavia,CBE2118.FC8246,4885,Yes,2023,323279,42 mm,Steel,Leather - Black (Adjustable),Black,100 m
https://www.watchfinder.com/Tag%20Heuer/Formula%201/CAC111B.BA0850/2929/item/324948,Formula 1,CAC111B.BA0850,1010,Yes,2001,324948,40 mm,Steel,Steel (length 19 cm),Black Baton,200 m
https://www.watchfinder.com/Tag%20Heuer/Carrera/CBG2A90.FT6173/56194/item/311790,Carrera,CBG2A90.FT6173,5715,Yes,2023,311790,45 mm,Ceramic,Rubber - Black (Adjustable),Skeleton,100 m
https://www.watchfinder.com/Tag%20Heuer/Autavia/CBE2117.BA0687/42217/item/321171,Autavia,CBE2117.BA0687,4245,Yes,2018,321171,42 mm,Steel,Steel (length 17.5 cm),Black Baton,100 m
https://www.watchfinder.com/Tag%20Heuer/Monaco/CAW2111.FC6183/14266/item/302438,Monaco,CAW2111.FC6183,4645,No,2018,302438,39 mm,Steel,,Blue Baton,100 m
https://www.watchfinder.com/Tag%20Heuer/Monaco/CBL2114.FC6486/48088/item/283096,Monaco,CBL2114.FC6486,6075,Yes,2020,283096,39 mm,Steel,Leather - Black (Adjustable),Red Baton,100 m
https://www.watchfinder.com/Tag%20Heuer/Formula%201/WAZ1112.BA0875/27796/item/330574,Formula 1,WAZ1112.BA0875,1325,Yes,2023,330574,41 mm,Steel,Steel (length 19.1 cm),Black Baton,200 m
https://www.watchfinder.com/Tag%20Heuer/Carrera/CBS2011.FC6529/61685/item/332958,Carrera,CBS2011.FC6529,6425,Yes,2023,332958,42 mm,Steel,Leather - Black (Adjustable),Silver,100 m
https://www.watchfinder.com/Tag%20Heuer/Grand%20Carrera/WAV511A.BA0900/8474/item/318126,Grand Carrera,WAV511A.BA0900,2070,Yes,2000,318126,40 mm,Steel,Steel (length 18 cm),Black Baton,100 m
https://www.watchfinder.com/Tag%20Heuer/Carrera/CBG2A50.FC6450/60149/item/268701,Carrera,CBG2A50.FC6450,7820,Yes,2022,268701,45 mm,Steel & Rose Gold,Alligator - Black & Black rubber (Adjustable),Skeleton,100 m
https://www.watchfinder.com/Tag%20Heuer/Autavia/WBE5192.FC8300/54660/item/319758,Autavia,WBE5192.FC8300,3190,Yes,2021,319758,42 mm,Bronze,Leather - Red (Adjustable),Red Arabic,100 m
https://www.watchfinder.com/Tag%20Heuer/Carrera/WBN2010.BA0640/53633/item/323576,Carrera,WBN2010.BA0640,2810,Yes,2023,323576,41 mm,Steel,Steel (length 17.1 cm),Black Baton,100 m
https://www.watchfinder.com/Tag%20Heuer/Monaco/1133B%20Vintage/17024/item/209137,Monaco,1133B Vintage,11375,No,1997,209137,40 mm,Steel,Steel (length 16.5 cm),Blue Baton,N/A
https://www.watchfinder.com/Tag%20Heuer/Carrera/WAR5011.BA0723/35459/item/323436,Carrera,WAR5011.BA0723,2430,Yes,2014,323436,41 mm,Steel,Steel (length 17.8 cm),Silver Baton,100 m
https://www.watchfinder.com/Tag%20Heuer/Carrera/CBG2010.BA0662/41155/item/266813,Carrera,CBG2010.BA0662,4835,Yes,2020,266813,43 mm,Steel,Steel (length 17.5 cm),Skeleton,100 m
https://www.watchfinder.com/Tag%20Heuer/Carrera/CAR2B11.BA0799/29091/item/320724,Carrera,CAR2B11.BA0799,3205,Yes,2017,320724,43 mm,Steel,Steel (length 18 cm),Grey Arabic,100 m
https://www.watchfinder.com/Tag%20Heuer/Carrera/WAS2110.FC6180/24184/item/335789,Carrera,WAS2110.FC6180,1745,Yes,2015,335789,38 mm,Steel,Crocodile - Black (Adjustable),Black Arabic,100 m
https://www.watchfinder.com/Tag%20Heuer/Carrera/CBN2A5A.FC6481/50104/item/312616,Carrera,CBN2A5A.FC6481,5160,Yes,2021,312616,44 mm,Steel & Rose Gold,,Black Baton,100 m
https://www.watchfinder.com/Tag%20Heuer/Carrera/CAS2111.FC6292/23980/item/311535,Carrera,CAS2111.FC6292,2985,Yes,2021,311535,41 mm,Steel,,Silver Arabic,100 m
https://www.watchfinder.com/Tag%20Heuer/Grand%20Carrera/WAV5112.BA0901/8807/item/309475,Grand Carrera,WAV5112.BA0901,2025,Yes,2015,309475,42 mm,Steel,Steel (length 17.5 cm),Silver Baton,100 m
https://www.watchfinder.com/Tag%20Heuer/Monaco/CAW211P.FC6356/28477/item/329204,Monaco,CAW211P.FC6356,5595,Yes,2023,329204,39 mm,Steel,Leather - Black (Adjustable),Blue Baton,100 m
https://www.watchfinder.com/Tag%20Heuer/Grand%20Carrera/CAV515B.FC6231/14412/item/322416,Grand Carrera,CAV515B.FC6231,4170,Yes,2001,322416,43 mm,Steel & Rose Gold,,Silver,100 m
https://www.watchfinder.com/Tag%20Heuer/Aquaracer/WBP201D.FT6197/54056/item/329472,Aquaracer,WBP201D.FT6197,2605,Yes,2022,329472,43 mm,Steel,Rubber - Black (Adjustable),White,300 m
https://www.watchfinder.com/Tag%20Heuer/Carrera/CBN2A5A.FC6481/50104/item/320557,Carrera,CBN2A5A.FC6481,5440,Yes,2022,320557,44 mm,Steel & Rose Gold,,Black Baton,100 m
https://www.watchfinder.com/Tag%20Heuer/Autavia/2446/39043/item/284590,Autavia,2446,9565,No,1994,284590,40 mm,Steel,Calf - Brown (Adjustable),Black Baton,N/A
https://www.watchfinder.com/Tag%20Heuer/Carrera/CAR2A1W.BA0703/30969/item/327353,Carrera,CAR2A1W.BA0703,3500,Yes,2016,327353,43 mm,Steel,Steel (length 17.5 cm),Skeleton Black Dial,100 m
https://www.watchfinder.com/Tag%20Heuer/Monaco/CAW2111.FC6183/50064/item/324222,Monaco,CAW2111.FC6183,4445,Yes,2015,324222,39 mm,Steel,,Blue Baton,100 m
https://www.watchfinder.com/Tag%20Heuer/Grand%20Carrera/CAV518B.FT6016/15220/item/310413,Grand Carrera,CAV518B.FT6016,3965,Yes,2012,310413,43 mm,Titanium,Rubber - Black (Adjustable),"Black Dial, Black Sub Dials",100 m
https://www.watchfinder.com/Tag%20Heuer/Carrera/WV211B.BA0787/2928/item/333362,Carrera,WV211B.BA0787,1450,Yes,2001,333362,39 mm,Steel,Steel (length 17.5 cm),Black Baton,50 m
https://www.watchfinder.com/Tag%20Heuer/Link/WBC2112.BA0603/38519/item/337427,Link,WBC2112.BA0603,2255,Yes,2020,337427,41 mm,Steel,Steel (length 17.8 cm),Blue Baton,100 m
https://www.watchfinder.com/Tag%20Heuer/Carrera/CV201AG.FC6266/24556/item/321695,Carrera,CV201AG.FC6266,2270,Yes,2015,321695,41 mm,Steel,,Black Baton,100 m
https://www.watchfinder.com/Tag%20Heuer/Aquaracer/WAY201A.BA0927/32420/item/334221,Aquaracer,WAY201A.BA0927,1655,Yes,2019,334221,43 mm,Steel,Steel (length 17 cm),Black Baton,300 m
https://www.watchfinder.com/Tag%20Heuer/Link/WAT2315.BA0956/27042/item/324941,Link,WAT2315.BA0956,2095,Yes,2015,324941,34 mm,Steel,Steel (length 15.2 cm),Mother of Pearl White - Diamond,100 m
https://www.watchfinder.com/Tag%20Heuer/Monaco/CAW211J.FC6476/44194/item/305442,Monaco,CAW211J.FC6476,5115,Yes,2022,305442,39 mm,Steel,,Silver Baton,100 m
https://www.watchfinder.com/Tag%20Heuer/Aquaracer/CAP2110.BA0833/19509/item/335664,Aquaracer,CAP2110.BA0833,1125,No,2015,335664,44 mm,Steel,Steel (length 18 cm),Black Baton,300 m
https://www.watchfinder.com/Tag%20Heuer/Carrera/WAR5010.BA0723/27026/item/328314,Carrera,WAR5010.BA0723,2280,Yes,2015,328314,41 mm,Steel,Steel (length 18 cm),Black Baton,100 m
https://www.watchfinder.com/Tag%20Heuer/Monaco/CAW211R/59387/item/303517,Monaco,CAW211R,6615,Yes,2019,303517,39 mm,Steel,,Blue,100 m
https://www.watchfinder.com/Tag%20Heuer/Carrera/CAR2A11.BA0799/26885/item/280481,Carrera,CAR2A11.BA0799,2785,No,2019,280481,43 mm,Steel,Steel (length 18.5 cm),Grey Arabic,100 m
https://www.watchfinder.com/Tag%20Heuer/Carrera/CBG2010.BA0662/41155/item/336710,Carrera,CBG2010.BA0662,4835,Yes,2020,336710,43 mm,Steel,Steel (length 15.9 cm),Skeleton,100 m
https://www.watchfinder.com/Tag%20Heuer/Monaco/CW2111.FC6171/1549/item/312361,Monaco,CW2111.FC6171,2715,Yes,2002,312361,38 mm,Steel,Leather - Black (Adjustable),Black Baton,30 m
https://www.watchfinder.com/Tag%20Heuer/Formula%201/CAZ2011.FT8024/25727/item/313772,Formula 1,CAZ2011.FT8024,1700,Yes,2016,313772,44 mm,Steel,Rubber - Black (Adjustable),Black Baton,200 m
https://www.watchfinder.com/Tag%20Heuer/Monaco/CAW2111.FC6183/14266/item/310110,Monaco,CAW2111.FC6183,4295,No,2011,310110,39 mm,Steel,,Blue Baton,100 m
https://www.watchfinder.com/Tag%20Heuer/Carrera/CBG2A1Z.BA0658/40542/item/327352,Carrera,CBG2A1Z.BA0658,5155,Yes,2021,327352,45 mm,Steel,Steel (length 17.5 cm),Skeleton,100 m
https://www.watchfinder.com/Tag%20Heuer/Monaco/CAW211R.FC6401/34765/item/321423,Monaco,CAW211R.FC6401,5065,Yes,2020,321423,39 mm,Steel,Leather - Blue (Adjustable),Blue,100 m
https://www.watchfinder.com/Tag%20Heuer/Monaco/CBL2111.BA0644/53532/item/323845,Monaco,CBL2111.BA0644,5085,Yes,2023,323845,39 mm,Steel,Steel (length 15.5 cm),Blue Baton,100 m
https://www.watchfinder.com/Tag%20Heuer/Carrera/CBN2A1N.FT6238/62643/item/330279,Carrera,CBN2A1N.FT6238,6195,Yes,2024,330279,44 mm,Steel,Rubber - Green (Adjustable),Green,100 m
https://www.watchfinder.com/Tag%20Heuer/Grand%20Carrera/CAV515B.FC6231/14412/item/305627,Grand Carrera,CAV515B.FC6231,4925,No,2010,305627,43 mm,Steel & Rose Gold,Leather Alligator Grain - Brown (Adjustable),Rose Gold & Silver,100 m
https://www.watchfinder.com/Tag%20Heuer/Carrera/CBS2212.FC6535/58315/item/308447,Carrera,CBS2212.FC6535,4750,Yes,2023,308447,39 mm,Steel,Leather - Blue (Adjustable),Blue Baton,100 m
https://www.watchfinder.com/Tag%20Heuer/Carrera/CV2015.BA0786/8037/item/321754,Carrera,CV2015.BA0786,2250,Yes,2001,321754,41 mm,Steel,Steel (length 19 cm),Blue Baton,50 m
https://www.watchfinder.com/Tag%20Heuer/Carrera/CAR201W.BA0714/32729/item/267529,Carrera,CAR201W.BA0714,3190,Yes,2018,267529,43 mm,Steel,Steel (length 18 cm),Grey Baton,100 m
https://www.watchfinder.com/Tag%20Heuer/Aquaracer/WBP231D.BA0626/55589/item/332083,Aquaracer,WBP231D.BA0626,2345,No,2020,332083,36 mm,Steel,Steel (length 18 cm),Black,300 m
https://www.watchfinder.com/Tag%20Heuer/Carrera/CBS2210.FC6534/58314/item/337940,Carrera,CBS2210.FC6534,4270,Yes,2020,337940,39 mm,Steel,Leather - Black (Adjustable),Black Baton,100 m
https://www.watchfinder.com/Tag%20Heuer/Link/WT1110.BA0550/33108/item/321597,Link,WT1110.BA0550,1085,Yes,2002,321597,42 mm,Steel,Steel (length 16 cm),Black Baton,200 m
https://www.watchfinder.com/Tag%20Heuer/Carrera/CV2014.FT6014/10075/item/329640,Carrera,CV2014.FT6014,2145,No,2011,329640,41 mm,Steel,Rubber - Black (Adjustable),Black Baton,50 m
https://www.watchfinder.com/Tag%20Heuer/Carrera/WV2112.FC6167/1566/item/330201,Carrera,WV2112.FC6167,1425,No,2002,330201,37 mm,Steel,Leather - Black (Adjustable),Silver Baton,30 m
https://www.watchfinder.com/Tag%20Heuer/Carrera/CBN2018.BA0642/59498/item/326369,Carrera,CBN2018.BA0642,6035,Yes,2023,326369,42 mm,Steel,Steel (length 18 cm),Beige Baton,100 m
https://www.watchfinder.com/Tag%20Heuer/Monaco/CAW211P.FC6356/28477/item/325469,Monaco,CAW211P.FC6356,4150,Yes,2020,325469,39 mm,Steel,Leather - Black (Adjustable),Blue Baton,100 m
https://www.watchfinder.com/Tag%20Heuer/Monaco/CAW2111.FC6356/37018/item/338423,Monaco,CAW2111.FC6356,4450,Yes,2010,338423,39 mm,Steel,Leather - Black (Adjustable),Blue Baton,100 m
https://www.watchfinder.com/Tag%20Heuer/Carrera/CBG2A10.BA0654/50580/item/303841,Carrera,CBG2A10.BA0654,5035,Yes,2021,303841,45 mm,Steel,Steel (length 18.5 cm),Skeleton Black Dial,100 m
https://www.watchfinder.com/Tag%20Heuer/Carrera/CV2110.FC6180/1539/item/310473,Carrera,CV2110.FC6180,2200,Yes,2001,310473,39 mm,Steel,,Silver,30 m
https://www.watchfinder.com/Tag%20Heuer/Carrera/CV2A10.FC6235/12790/item/336173,Carrera,CV2A10.FC6235,2825,No,2008,336173,43 mm,Steel,,"Black Dial, Black Sub Dials",100 m
https://www.watchfinder.com/Tag%20Heuer/Aquaracer/WAJ2112.BA0870/15246/item/330528,Aquaracer,WAJ2112.BA0870,1750,No,2001,330528,43 mm,Steel,Steel (length 15.9 cm),Blue Baton,500 m
https://www.watchfinder.com/Tag%20Heuer/Aquaracer/WBD2310.BA0740/63308/item/330208,Aquaracer,WBD2310.BA0740,1865,Yes,2019,330208,32 mm,Steel,Steel (length 14.5 cm),Black Baton,300 m
https://www.watchfinder.com/Tag%20Heuer/Link/WAT201C.BA0951/26461/item/331278,Link,WAT201C.BA0951,1550,Yes,2015,331278,42 mm,Steel,Steel (length 17 cm),Anthracite,100 m
https://www.watchfinder.com/Tag%20Heuer/Grand%20Carrera/CAV518B.FC6237/9091/item/300827,Grand Carrera,CAV518B.FC6237,3850,Yes,2014,300827,43 mm,Titanium,,"Black Dial, Black Sub Dials",100 m
https://www.watchfinder.com/Tag%20Heuer/Formula%201/WAZ1112.BA0875/27796/item/337058,Formula 1,WAZ1112.BA0875,1145,Yes,2020,337058,41 mm,Steel,Steel (length 17.8 cm),Black Baton,200 m
https://www.watchfinder.com/Tag%20Heuer/Link/CJF211A.BA0594/15278/item/306007,Link,CJF211A.BA0594,2285,No,2009,306007,42 mm,Steel,Steel (length 17.5 cm),Black Baton,200 m
https://www.watchfinder.com/Tag%20Heuer/Carrera/WAR201C.BA0723/25863/item/325510,Carrera,WAR201C.BA0723,1835,Yes,2016,325510,41 mm,Steel,Steel (length 18 cm),Black Baton,100 m
https://www.watchfinder.com/Tag%20Heuer/Carrera/CBN201D.FC6543/58318/item/316773,Carrera,CBN201D.FC6543,4510,Yes,2025,316773,42 mm,Steel,Leather - Blue (Adjustable),Blue Baton,100 m
https://www.watchfinder.com/Tag%20Heuer/Carrera/CAR2A10.FC6235/24077/item/319689,Carrera,CAR2A10.FC6235,2515,Yes,2015,319689,43 mm,Steel,,Black Arabic,100 m
https://www.watchfinder.com/Tag%20Heuer/Monaco/CW2111.FC6171/1549/item/325503,Monaco,CW2111.FC6171,3310,Yes,2015,325503,38 mm,Steel,Leather - Black (Adjustable),Black Baton,30 m
https://www.watchfinder.com/Tag%20Heuer/Aquaracer/WAY131S.BA0748/41390/item/317888,Aquaracer,WAY131S.BA0748,900,Yes,2023,317888,35 mm,Steel,Steel (length 18.5 cm),Mother of Pearl - Blue,300 m
https://www.watchfinder.com/Tag%20Heuer/Monaco/CAW2111.FC6183/14266/item/294802,Monaco,CAW2111.FC6183,4530,Yes,2013,294802,39 mm,Steel,,Blue Baton,100 m
https://www.watchfinder.com/Tag%20Heuer/Grand%20Carrera/CAV5115.BA0902/14653/item/309903,Grand Carrera,CAV5115.BA0902,4750,Yes,2011,309903,43 mm,Steel,Steel (length 17 cm),Black Baton,100 m
https://www.watchfinder.com/Tag%20Heuer/Carrera/CBS2211.FC6545/62707/item/327858,Carrera,CBS2211.FC6545,5310,Yes,2024,327858,39 mm,Steel,Steel (length 16 cm),Green Baton,100 m
https://www.watchfinder.com/Tag%20Heuer/Carrera/CBK2112.BA0715/38077/item/336405,Carrera,CBK2112.BA0715,2845,Yes,2021,336405,41 mm,Steel,Steel (length 17 cm),Blue Baton,100 m
https://www.watchfinder.com/Tag%20Heuer/Carrera/WV2115.FC6180/1571/item/306143,Carrera,WV2115.FC6180,1545,Yes,2011,306143,39 mm,Steel,,Black Baton,30 m
https://www.watchfinder.com/Tag%20Heuer/Link/CJF2112.BA0576/15210/item/336778,Link,CJF2112.BA0576,1830,Yes,2002,336778,43 mm,Steel,Steel (length 17 cm),Blue Baton,200 m
https://www.watchfinder.com/Tag%20Heuer/Carrera/CAR2012.FC6235/30878/item/282119,Carrera,CAR2012.FC6235,2720,Yes,2013,282119,43 mm,Steel,,Silver Arabic,100 m
https://www.watchfinder.com/Tag%20Heuer/Carrera/CAR201Z.BA0714/33798/item/310232,Carrera,CAR201Z.BA0714,2915,Yes,2017,310232,43 mm,Steel,Steel (length 18.5 cm),Black Baton,100 m
https://www.watchfinder.com/Tag%20Heuer/Aquaracer/WBP5A8A.BF0619/55534/item/252752,Aquaracer,WBP5A8A.BF0619,4530,Yes,2023,252752,45 mm,Steel,Steel (length 18.5 cm),Black,1000 m
https://www.watchfinder.com/Tag%20Heuer/Carrera/CBK2112.BA0715/38077/item/337161,Carrera,CBK2112.BA0715,3345,Yes,2021,337161,41 mm,Steel,Steel (length 18 cm),Blue Baton,100 m
https://www.watchfinder.com/Tag%20Heuer/Aquaracer/CAP2113.BA0833/24121/item/311295,Aquaracer,CAP2113.BA0833,1760,Yes,2016,311295,42 mm,Steel,Steel (length 17.5 cm),Black Baton,300 m
https://www.watchfinder.com/Tag%20Heuer/Monaco/CW2111.FC6177/1551/item/312343,Monaco,CW2111.FC6177,3070,No,2001,312343,38 mm,Steel,,Black Baton,30 m
https://www.watchfinder.com/Tag%20Heuer/Carrera/CV211E.BA0739/33897/item/334308,Carrera,CV211E.BA0739,3670,Yes,2017,334308,41 mm,Steel,Steel (length 17 cm),Silver Baton,100 m
https://www.watchfinder.com/Tag%20Heuer/Monaco/CAL2113.FC6536/63867/item/332497,Monaco,CAL2113.FC6536,4455,Yes,2015,332497,40 mm,Steel,,Black Baton,100 m
https://www.watchfinder.com/Tag%20Heuer/Formula%201/CAZ201E.FC6517/57196/item/326456,Formula 1,CAZ201E.FC6517,3850,Yes,2023,326456,44 mm,Steel,Calf - Black (Adjustable),Black Baton,200 m
https://www.watchfinder.com/Tag%20Heuer/Autavia/CBE511A.FC8279/58172/item/329134,Autavia,CBE511A.FC8279,4690,Yes,2023,329134,42 mm,Steel,Alligator - Black (Adjustable),Black Arabic,100 m
https://www.watchfinder.com/Tag%20Heuer/Formula%201/CAH1011.BA0860/17953/item/336078,Formula 1,CAH1011.BA0860,1270,No,2015,336078,44 mm,Steel,Steel (length 18 cm),Silver,200 m
https://www.watchfinder.com/Tag%20Heuer/Monaco/CAW2110.FC6177/14630/item/334801,Monaco,CAW2110.FC6177,3550,Yes,2009,334801,39 mm,Steel,,Black Baton,100 m
https://www.watchfinder.com/Tag%20Heuer/Carrera/CAR201Z.BA0714/33798/item/226128,Carrera,CAR201Z.BA0714,3005,Yes,2018,226128,43 mm,Steel,Steel (length 18 cm),Black Baton,100 m
https://www.watchfinder.com/Tag%20Heuer/Link/WBC1310.BA0600/41679/item/319420,Link,WBC1310.BA0600,1195,No,2018,319420,32 mm,Steel,Steel (length 15 cm),Mother of Pearl White Baton,100 m
https://www.watchfinder.com/Tag%20Heuer/Carrera/CV2050.BD0789/5625/item/306678,Carrera,CV2050.BD0789,2155,No,2013,306678,41 mm,Steel & Yellow Gold,Steel & Yellow Gold (length 18.5 cm),Silver Baton,50 m
https://www.watchfinder.com/Tag%20Heuer/Aquaracer/WBP5A8A.BF0619/55534/item/330759,Aquaracer,WBP5A8A.BF0619,4335,No,2022,330759,45 mm,Steel,Steel (length 18 cm),Black,1000 m
https://www.watchfinder.com/Tag%20Heuer/Aquaracer/CAY211Z.BA0926/30237/item/333019,Aquaracer,CAY211Z.BA0926,2345,Yes,2019,333019,43 mm,Steel,Steel (length 17.5 cm),Black Baton,300 m
https://www.watchfinder.com/Tag%20Heuer/Carrera/CV2014.BA0786/29301/item/339510,Carrera,CV2014.BA0786,1985,Yes,2001,339510,41 mm,Steel,Steel (length 16.5 cm),Black Baton,50 m
https://www.watchfinder.com/Tag%20Heuer/Carrera/CBG2A10.BA0654/50580/item/318402,Carrera,CBG2A10.BA0654,5035,Yes,2021,318402,45 mm,Steel,Steel (length 17.5 cm),Skeleton Black Dial,100 m
https://www.watchfinder.com/Tag%20Heuer/Monaco/CBL2114.FC6486/62685/item/302609,Monaco,CBL2114.FC6486,7340,Yes,2024,302609,39 mm,Steel,Leather - Red & White (Adjustable),Red Baton,100 m
https://www.watchfinder.com/Tag%20Heuer/Aquaracer/WBP2110.BA0627/56833/item/327850,Aquaracer,WBP2110.BA0627,2225,Yes,2022,327850,40 mm,Steel,Steel (length 17 cm),Black Baton,200 m
https://www.watchfinder.com/Tag%20Heuer/Monaco/CAW2114.FT6021/15237/item/319144,Monaco,CAW2114.FT6021,4175,Yes,2015,319144,39 mm,Steel,Rubber - Black (Adjustable),Black Baton,100 m
https://www.watchfinder.com/Tag%20Heuer/Carrera/CBK2112.FC6292/48664/item/328676,Carrera,CBK2112.FC6292,2815,Yes,2018,328676,41 mm,Steel,,Blue Baton,100 m
https://www.watchfinder.com/Tag%20Heuer/Formula%201/CAZ201E.FC6517/57196/item/291895,Formula 1,CAZ201E.FC6517,3830,No,2022,291895,44 mm,Steel,,Black Baton,200 m
https://www.watchfinder.com/Tag%20Heuer/Carrera/WV211B.BA0787/32614/item/317565,Carrera,WV211B.BA0787,1195,No,2003,317565,39 mm,Steel,Steel (length 18.5 cm),Black Arabic,50 m
https://www.watchfinder.com/Tag%20Heuer/Monaco/CW211A.FC6228/5853/item/322921,Monaco,CW211A.FC6228,5445,No,2006,322921,42 mm,Steel,,Black Baton,30 m
https://www.watchfinder.com/Tag%20Heuer/Carrera/CBK221B.FC6479/47756/item/313952,Carrera,CBK221B.FC6479,5835,Yes,2021,313952,39 mm,Steel,,Silver Baton,100 m
https://www.watchfinder.com/Tag%20Heuer/Monaco/CAL5112.FC6298/23111/item/304338,Monaco,CAL5112.FC6298,7875,No,2015,304338,40 mm,Steel,Alligator - Black (Adjustable),Grey,100 m
https://www.watchfinder.com/Tag%20Heuer/Aquaracer/CAY211Z.BA0926/30237/item/268918,Aquaracer,CAY211Z.BA0926,2690,Yes,2021,268918,43 mm,Steel,Steel (length 17 cm),Black Baton,300 m
https://www.watchfinder.com/Tag%20Heuer/Link/WAT1414.BA0954/23354/item/330220,Link,WAT1414.BA0954,2530,Yes,2001,330220,29 mm,Steel,Steel (length 15.2 cm),Silver Diamond,100 m
https://www.watchfinder.com/Tag%20Heuer/Monaco/CBL2111.FC6453/46594/item/335630,Monaco,CBL2111.FC6453,5255,Yes,2020,335630,39 mm,Steel,,Blue Baton,100 m
https://www.watchfinder.com/Tag%20Heuer/Carrera/CBN2A10.BA0643/49220/item/303921,Carrera,CBN2A10.BA0643,4390,Yes,2023,303921,44 mm,Steel,Steel (length 18.5 cm),Green Baton,100 m
https://www.watchfinder.com/Tag%20Heuer/Carrera/CBS2210.FC6534/58314/item/335282,Carrera,CBS2210.FC6534,4990,Yes,2024,335282,39 mm,Steel,Leather - Black (Adjustable),Black Baton,100 m
https://www.watchfinder.com/Tag%20Heuer/Carrera/CV2010.FC6233/10072/item/324300,Carrera,CV2010.FC6233,1985,No,2009,324300,41 mm,Steel,Leather - Black (Adjustable),Black Baton,100 m
https://www.watchfinder.com/Tag%20Heuer/Aquaracer/CAY2112.BA0925/27328/item/307890,Aquaracer,CAY2112.BA0925,1815,Yes,2020,307890,43 mm,Steel,Steel (length 18 cm),Blue Baton,300 m
https://www.watchfinder.com/Tag%20Heuer/Aquaracer/CAY211A.BA0927/30256/item/330210,Aquaracer,CAY211A.BA0927,2210,Yes,2015,330210,43 mm,Steel,Steel (length 17.8 cm),Black Baton,300 m
https://www.watchfinder.com/Tag%20Heuer/Link/WAT2111.BA0950/22316/item/333759,Link,WAT2111.BA0950,1385,Yes,2011,333759,40 mm,Steel,Steel (length 17 cm),Silver Baton,100 m
https://www.watchfinder.com/Tag%20Heuer/Aquaracer/WBP208B.BF0631/51839/item/312330,Aquaracer,WBP208B.BF0631,3250,Yes,2023,312330,43 mm,Titanium,Titanium (length 17.5 cm),Green,300 m
https://www.watchfinder.com/Tag%20Heuer/Carrera/CAR2A10.BA0799/24736/item/323558,Carrera,CAR2A10.BA0799,2345,Yes,2020,323558,43 mm,Steel,Steel (length 16.5 cm),Black Arabic,100 m
https://www.watchfinder.com/Tag%20Heuer/Carrera/CAR2013.BA0799/29227/item/311961,Carrera,CAR2013.BA0799,2585,Yes,2015,311961,43 mm,Steel,Steel (length 17.5 cm),Anthracite,100 m
https://www.watchfinder.com/Tag%20Heuer/Carrera/CBN2A10.BA0643/49220/item/326900,Carrera,CBN2A10.BA0643,4915,Yes,2024,326900,44 mm,Steel,Steel (length 18 cm),Green Baton,100 m
https://www.watchfinder.com/Tag%20Heuer/Carrera/WBN2012.FC6502/55538/item/297022,Carrera,WBN2012.FC6502,2500,Yes,2022,297022,41 mm,Steel,Leather Alligator Grain - Black (Adjustable),Blue Baton,100 m
https://www.watchfinder.com/Tag%20Heuer/Carrera/WBN2110.BA0639/55578/item/317017,Carrera,WBN2110.BA0639,1670,Yes,2020,317017,39 mm,Steel,Steel (length 15.5 cm),Black Baton,100 m
https://www.watchfinder.com/Tag%20Heuer/Carrera/WAR211B.FC6313/27852/item/316614,Carrera,WAR211B.FC6313,2050,No,2020,316614,39 mm,Steel,,Silver Baton,100 m
https://www.watchfinder.com/Tag%20Heuer/Carrera/CBG2011.FC6430/50061/item/305812,Carrera,CBG2011.FC6430,3360,Yes,2023,305812,43 mm,Steel,,Skeleton Blue Dial,100 m
https://www.watchfinder.com/Tag%20Heuer/Grand%20Carrera/CAV511B.FC6225/8802/item/289471,Grand Carrera,CAV511B.FC6225,2900,Yes,2010,289471,43 mm,Steel,,Silver Baton,100 m
https://www.watchfinder.com/Tag%20Heuer/Carrera/WAS2111.BA0732/24744/item/332820,Carrera,WAS2111.BA0732,1375,No,2016,332820,41 mm,Steel,Steel (length 18 cm),Silver Arabic,100 m
https://www.watchfinder.com/Tag%20Heuer/Carrera/CV2013.BA0794/10073/item/325771,Carrera,CV2013.BA0794,2225,No,2012,325771,41 mm,Steel,Steel (length 17 cm),Brown Baton,30 m
https://www.watchfinder.com/Tag%20Heuer/Link/WBC2113.BA0603/53834/item/320511,Link,WBC2113.BA0603,4930,Yes,2025,320511,41 mm,Steel,Steel (length 19.1 cm),Blue Baton,100 m
https://www.watchfinder.com/Tag%20Heuer/Carrera/CBN2013.FC6483/50074/item/264010,Carrera,CBN2013.FC6483,4325,Yes,2021,264010,42 mm,Steel,,Silver Baton,100 m
https://www.watchfinder.com/Tag%20Heuer/Carrera/CV2A10.BA0796/12788/item/330626,Carrera,CV2A10.BA0796,2285,No,2011,330626,43 mm,Steel,Steel (length 18 cm),"Black Dial, Black Sub Dials",100 m
https://www.watchfinder.com/Tag%20Heuer/Carrera/CBN2019.BA0642/59303/item/258259,Carrera,CBN2019.BA0642,4855,No,2022,258259,42 mm,Steel,Steel (length 17.5 cm),Black Baton,100 m
https://www.watchfinder.com/Tag%20Heuer/Carrera/CV2A11.FC6236/41006/item/329255,Carrera,CV2A11.FC6236,3005,Yes,2015,329255,43 mm,Steel,,Silver Arabic,100 m
https://www.watchfinder.com/Tag%20Heuer/Formula%201/WAZ2011.BA0842/31891/item/333999,Formula 1,WAZ2011.BA0842,1920,Yes,2024,333999,43 mm,Steel,Steel (length 17.5 cm),Anthracite,200 m
https://www.watchfinder.com/Tag%20Heuer/Carrera/CBN201C.FC6542/58317/item/320353,Carrera,CBN201C.FC6542,3360,Yes,2020,320353,42 mm,Steel,Leather - Black (Adjustable),Black Baton,100 m
https://www.watchfinder.com/Tag%20Heuer/Monaco/CAW211R.FC6401/34765/item/327708,Monaco,CAW211R.FC6401,5115,Yes,2015,327708,39 mm,Steel,Leather - Blue (Adjustable),Blue,100 m
https://www.watchfinder.com/Tag%20Heuer/Carrera/CV2116.FC6180/60244/item/320732,Carrera,CV2116.FC6180,2880,Yes,2001,320732,39 mm,Steel,Crocodile - Brown (Adjustable),Mother of Pearl White Baton,30 m
https://www.watchfinder.com/Tag%20Heuer/Carrera/CAR2110.FC6266/17967/item/317158,Carrera,CAR2110.FC6266,2345,No,2013,317158,41 mm,Steel,Crocodile - Black (Adjustable),Black Baton,100 m
https://www.watchfinder.com/Tag%20Heuer/Formula%201/WAZ2011.BA0843/32347/item/327904,Formula 1,WAZ2011.BA0843,2005,Yes,2018,327904,43 mm,Steel,Ceramic - Black & Steel (length 18 cm),Anthracite,200 m
https://www.watchfinder.com/Tag%20Heuer/Monaco/CBL2184.FT6236/58791/item/330860,Monaco,CBL2184.FT6236,10320,Yes,2023,330860,39 mm,Titanium,Leather - Black & Rubber (Adjustable),Skeleton,100 m
https://www.watchfinder.com/Tag%20Heuer/Carrera/CAR2A10.BA0799/24736/item/328697,Carrera,CAR2A10.BA0799,2485,Yes,2015,328697,43 mm,Steel,Steel (length 15.5 cm),Black Arabic,100 m
https://www.watchfinder.com/Tag%20Heuer/Carrera/CAR201V.BA0714/37894/item/302143,Carrera,CAR201V.BA0714,3565,Yes,2015,302143,43 mm,Steel,Steel (length 18 cm),Skeleton Black Dial,100 m
https://www.watchfinder.com/Tag%20Heuer/Carrera/CV2A10.BA0796/12788/item/332305,Carrera,CV2A10.BA0796,2050,Yes,2015,332305,43 mm,Steel,Steel (length 18.5 cm),"Black Dial, Black Sub Dials",100 m
https://www.watchfinder.com/Tag%20Heuer/Aquaracer/WAB1110.BA0800/2376/item/323242,Aquaracer,WAB1110.BA0800,1145,No,2015,323242,39 mm,Steel,Steel (length 17.5 cm),Black Baton,300 m
https://www.watchfinder.com/Tag%20Heuer/Aquaracer/WAP1452.BD0837/26334/item/311636,Aquaracer,WAP1452.BD0837,3730,Yes,2020,311636,27 mm,Steel & Rose Gold,Steel & Rose Gold (length 17 cm),Mother of Pearl White - Diamond,200 m
https://www.watchfinder.com/Tag%20Heuer/Carrera/CV2A1R.BA0799/28874/item/307596,Carrera,CV2A1R.BA0799,3550,Yes,2021,307596,43 mm,Steel,Steel (length 18 cm),Black Arabic,100 m
https://www.watchfinder.com/Tag%20Heuer/Monaco/CBL2113.FC6177/55591/item/281180,Monaco,CBL2113.FC6177,5985,Yes,2023,281180,39 mm,Steel,Alligator - Black (Adjustable),Black Baton,100 m
https://www.watchfinder.com/Tag%20Heuer/Formula%201/WAZ2011.BA0842/31891/item/335276,Formula 1,WAZ2011.BA0842,1625,No,2020,335276,43 mm,Steel,Steel (length 17.1 cm),Anthracite,200 m
https://www.watchfinder.com/Tag%20Heuer/Autavia/WBE5116.FC8266/46135/item/334866,Autavia,WBE5116.FC8266,2105,Yes,2024,334866,42 mm,Steel,Leather - Brown (Adjustable),Blue Arabic,100 m
https://www.watchfinder.com/Tag%20Heuer/Monaco/CBL2115.FC6494/55537/item/318637,Monaco,CBL2115.FC6494,5695,Yes,2022,318637,39 mm,Steel,Leather - Blue (Adjustable),Blue,100 m
https://www.watchfinder.com/Tag%20Heuer/Link/WJF1354.BB0581/3651/item/333766,Link,WJF1354.BB0581,2045,No,2001,333766,27 mm,Steel & Yellow Gold,Steel & Yellow Gold (length 14.6 cm),Mother of Pearl White - Diamond,200 m
https://www.watchfinder.com/Tag%20Heuer/Carrera/CBK221F.FC6479/51233/item/285343,Carrera,CBK221F.FC6479,5995,Yes,2021,285343,39 mm,Steel,,Green Baton,100 m
https://www.watchfinder.com/Tag%20Heuer/Carrera/CBN2A1A.BA0643/48721/item/321294,Carrera,CBN2A1A.BA0643,4535,Yes,2023,321294,44 mm,Steel,Steel (length 18.5 cm),Blue Baton,100 m
https://www.watchfinder.com/Tag%20Heuer/Monaco/CAW211R.FC6401/34765/item/312384,Monaco,CAW211R.FC6401,5775,No,2023,312384,39 mm,Steel,Calf - Blue (Adjustable),Blue,100 m
https://www.watchfinder.com/Tag%20Heuer/Aquaracer/WBD1112.BA0928/39594/item/336079,Aquaracer,WBD1112.BA0928,1250,Yes,2018,336079,41 mm,Steel,Steel (length 19.1 cm),Blue Baton,300 m
https://www.watchfinder.com/Tag%20Heuer/Carrera/WBN2110.BA0639/55578/item/335486,Carrera,WBN2110.BA0639,2540,No,2022,335486,39 mm,Steel,Steel (length 17.5 cm),Black Baton,100 m
https://www.watchfinder.com/Tag%20Heuer/Carrera/WAR201C.BA0723/25863/item/335489,Carrera,WAR201C.BA0723,2255,No,2019,335489,41 mm,Steel,Steel (length 18.5 cm),Black Baton,100 m
https://www.watchfinder.com/Tag%20Heuer/Formula%201/CAZ101N.FC8243/36929/item/337462,Formula 1,CAZ101N.FC8243,1445,Yes,2020,337462,43 mm,Steel,Leather - Blue Fabric (Adjustable),Blue,200 m
https://www.watchfinder.com/Tag%20Heuer/Carrera/CAR2A80.FC6237/24424/item/304334,Carrera,CAR2A80.FC6237,3550,Yes,2015,304334,43 mm,Titanium,Crocodile - Black (Adjustable),Black Arabic,100 m
https://www.watchfinder.com/Tag%20Heuer/Monaco/CW2111.FC6177/1551/item/333017,Monaco,CW2111.FC6177,3675,Yes,2001,333017,38 mm,Steel,,Black Baton,30 m
https://www.watchfinder.com/Tag%20Heuer/Monaco/CBL2180.FC6497/55927/item/327200,Monaco,CBL2180.FC6497,5780,Yes,2022,327200,39 mm,Titanium,,Black Baton,100 m
https://www.watchfinder.com/Tag%20Heuer/Carrera/CBN2A1D.BA0643/52192/item/303103,Carrera,CBN2A1D.BA0643,4365,Yes,2020,303103,44 mm,Steel,Steel (length 17 cm),Silver Baton,100 m
https://www.watchfinder.com/Tag%20Heuer/Aquaracer/CAK2110.BA0833/24725/item/316259,Aquaracer,CAK2110.BA0833,2460,No,2015,316259,43 mm,Steel,Steel (length 17.5 cm),Black Baton,500 m
https://www.watchfinder.com/Tag%20Heuer/Carrera/CAR2B82.FC6339/52005/item/244807,Carrera,CAR2B82.FC6339,12745,Yes,2019,244807,45 mm,Titanium,,Grey,100 m
https://www.watchfinder.com/Tag%20Heuer/Carrera/CV2119.FC6310/63982/item/310109,Carrera,CV2119.FC6310,4080,Yes,2015,310109,41 mm,Steel,,Silver Baton,100 m
https://www.watchfinder.com/Tag%20Heuer/Grand%20Carrera/CAV511A.BA0902/8476/item/280060,Grand Carrera,CAV511A.BA0902,2665,Yes,2010,280060,43 mm,Steel,Steel (length 18.5 cm),Black Baton,100 m
https://www.watchfinder.com/Tag%20Heuer/Autavia/1163/26783/item/321127,Autavia,1163,5715,No,2000,321127,42 mm,Steel,Leather - Black (Adjustable),Black,N/A
https://www.watchfinder.com/Tag%20Heuer/Aquaracer/WAP2010.BA0830/16851/item/336849,Aquaracer,WAP2010.BA0830,1270,Yes,2017,336849,42 mm,Steel,Steel (length 17.8 cm),Black Baton,300 m
https://www.watchfinder.com/Tag%20Heuer/Carrera/WV215A.BD0788/15268/item/316587,Carrera,WV215A.BD0788,1960,Yes,2001,316587,39 mm,Steel & Yellow Gold,Steel & Yellow Gold (length 18.5 cm),Silver Baton,50 m
https://www.watchfinder.com/Tag%20Heuer/Carrera/CBN2013.FC6483/60737/item/305774,Carrera,CBN2013.FC6483,4720,Yes,2023,305774,42 mm,Steel,Alligator - Brown (Adjustable),Silver Baton,100 m
https://www.watchfinder.com/Tag%20Heuer/Monaco/CW9110.FC6177/8689/item/293536,Monaco,CW9110.FC6177,4090,No,2013,293536,40 mm,Steel,Crocodile - Black (Adjustable),Black Baton,N/A
https://www.watchfinder.com/Tag%20Heuer/Aquaracer/CAY1110.BA0925/27451/item/318092,Aquaracer,CAY1110.BA0925,1720,Yes,2017,318092,43 mm,Steel,Steel (length 17 cm),Black Baton,300 m
https://www.watchfinder.com/Tag%20Heuer/Carrera/CBG2052.FT6143/40325/item/306748,Carrera,CBG2052.FT6143,7160,Yes,2022,306748,43 mm,Rose Gold,Rubber - Black (Adjustable),Skeleton,100 m
https://www.watchfinder.com/Tag%20Heuer/Carrera/CAR2110.BA0720/16092/item/333996,Carrera,CAR2110.BA0720,2255,No,2017,333996,41 mm,Steel,Steel (length 19 cm),Black Baton,100 m
https://www.watchfinder.com/Tag%20Heuer/Carrera/WBN2111.BA0639/54515/item/329947,Carrera,WBN2111.BA0639,2545,Yes,2023,329947,39 mm,Steel,Steel (length 14 cm),Silver Baton,100 m
https://www.watchfinder.com/Tag%20Heuer/Aquaracer/WAY201A.BA0927/32420/item/317352,Aquaracer,WAY201A.BA0927,1810,Yes,2017,317352,43 mm,Steel,Steel (length 17.5 cm),Black Baton,300 m
https://www.watchfinder.com/Tag%20Heuer/Aquaracer/CAY2112.BA0927/30950/item/325926,Aquaracer,CAY2112.BA0927,2165,No,2020,325926,43 mm,Steel,Steel (length 18 cm),Blue Baton,300 m
https://www.watchfinder.com/Tag%20Heuer/Monaco/CAW211Y.FC6469/45824/item/330368,Monaco,CAW211Y.FC6469,9635,Yes,2019,330368,39 mm,Steel,Leather - Black (Adjustable),Black & White,100 m
https://www.watchfinder.com/Tag%20Heuer/Carrera/CV2010.FC6233/10072/item/336240,Carrera,CV2010.FC6233,1685,No,2001,336240,41 mm,Steel,Calf - Black (Adjustable),Black Baton,100 m
https://www.watchfinder.com/Tag%20Heuer/Carrera/CBN201G.FC6520/62691/item/315548,Carrera,CBN201G.FC6520,5205,Yes,2023,315548,42 mm,Steel,Leather - Black (Adjustable),Grey,N/A
https://www.watchfinder.com/Tag%20Heuer/Carrera/CAR2A10.BA0799/24736/item/315516,Carrera,CAR2A10.BA0799,2175,Yes,2015,315516,43 mm,Steel,Steel (length 18.5 cm),Black Arabic,100 m
https://www.watchfinder.com/Tag%20Heuer/Monaco/CAW211R.FC6401/34765/item/340439,Monaco,CAW211R.FC6401,5415,Yes,2020,340439,39 mm,Steel,Leather Alligator Grain - Black (Adjustable),Blue,100 m
https://www.watchfinder.com/Tag%20Heuer/Monaco/CBL2118.FC6518/56248/item/250464,Monaco,CBL2118.FC6518,9160,Yes,2022,250464,39 mm,Steel,,Purple Baton,100 m
https://www.watchfinder.com/Tag%20Heuer/Aquaracer/WAY201A.BA0927/32420/item/329203,Aquaracer,WAY201A.BA0927,1860,Yes,2020,329203,43 mm,Steel,Steel (length 17 cm),Black Baton,300 m
https://www.watchfinder.com/Tag%20Heuer/Formula%201/CAZ2011.FT8024/25727/item/299879,Formula 1,CAZ2011.FT8024,2095,Yes,2023,299879,44 mm,Steel,Rubber - Black (Adjustable),Black Baton,200 m
https://www.watchfinder.com/Tag%20Heuer/Aquaracer/WBP201D.FT6197/54056/item/336089,Aquaracer,WBP201D.FT6197,2470,Yes,2021,336089,43 mm,Steel,Rubber - Black (Adjustable),White,300 m
https://www.watchfinder.com/Tag%20Heuer/Carrera/CAR201U.BA0766/35827/item/331966,Carrera,CAR201U.BA0766,3640,No,2015,331966,43 mm,Steel,Steel (length 18 cm),Brown,100 m
https://www.watchfinder.com/Tag%20Heuer/Carrera/WV5111.FC6350/58200/item/325963,Carrera,WV5111.FC6350,3195,No,2015,325963,39 mm,Steel,Leather - Black (Adjustable),Silver Baton,100 m
https://www.watchfinder.com/Tag%20Heuer/Link/CJF2110.BA0576/3502/item/262967,Link,CJF2110.BA0576,1840,Yes,2006,262967,42 mm,Steel,Steel (length 19 cm),Black Baton,200 m
https://www.watchfinder.com/Tag%20Heuer/Grand%20Carrera/WAV511A.BA0900/8474/item/283007,Grand Carrera,WAV511A.BA0900,1865,No,2012,283007,40 mm,Steel,Steel (length 16.5 cm),Black Baton,100 m
https://www.watchfinder.com/Tag%20Heuer/Formula%201/WAZ2011.BA0842/31891/item/299998,Formula 1,WAZ2011.BA0842,1920,Yes,2024,299998,43 mm,Steel,Steel (length 16 cm),Anthracite,200 m
https://www.watchfinder.com/Tag%20Heuer/Carrera/CBN2012/60049/item/258818,Carrera,CBN2012,4630,No,2023,258818,42 mm,Steel,,Grey Baton,100 m
https://www.watchfinder.com/Tag%20Heuer/Carrera/CV201AH.BA0725/25103/item/333210,Carrera,CV201AH.BA0725,1995,Yes,2015,333210,41 mm,Steel,Steel (length 17.5 cm),Black,100 m
https://www.watchfinder.com/Tag%20Heuer/Aquaracer/WBP231B.BA0618/55588/item/326587,Aquaracer,WBP231B.BA0618,2940,Yes,2021,326587,36 mm,Steel,Steel (length 17 cm),Blue Diamond,300 m
https://www.watchfinder.com/Tag%20Heuer/Monaco/CAW211J.FC6476/44194/item/305948,Monaco,CAW211J.FC6476,4705,Yes,2020,305948,39 mm,Steel,,Silver Baton,100 m
https://www.watchfinder.com/Tag%20Heuer/Monaco/CAL2113.FC6536/36142/item/319907,Monaco,CAL2113.FC6536,4820,Yes,2018,319907,40 mm,Steel,Leather & Fabric Black (Adjustable),Black Baton,100 m
https://www.watchfinder.com/Tag%20Heuer/Monaco/CW2111.FC6177/1551/item/340562,Monaco,CW2111.FC6177,2975,Yes,2015,340562,38 mm,Steel,Crocodile - Black (Adjustable),Black Baton,30 m
https://www.watchfinder.com/Tag%20Heuer/Aquaracer/CAP2111.BA0833/21579/item/329686,Aquaracer,CAP2111.BA0833,1625,Yes,2017,329686,44 mm,Steel,Steel (length 18 cm),Silver Baton,300 m
https://www.watchfinder.com/Tag%20Heuer/Monaco/CAW2111.FC6183/14266/item/314384,Monaco,CAW2111.FC6183,4255,Yes,2011,314384,39 mm,Steel,,Blue Baton,100 m
https://www.watchfinder.com/Tag%20Heuer/Carrera/CBN2A10.BA0643/49220/item/314539,Carrera,CBN2A10.BA0643,4795,Yes,2022,314539,44 mm,Steel,Steel (length 17 cm),Green Baton,100 m
https://www.watchfinder.com/Tag%20Heuer/Monaco/CAW218B.FC6496/51825/item/316452,Monaco,CAW218B.FC6496,8675,Yes,2022,316452,39 mm,Titanium,,Silver Baton,100 m
https://www.watchfinder.com/Tag%20Heuer/Aquaracer/WBP201F.BA0632/55535/item/331679,Aquaracer,WBP201F.BA0632,2125,Yes,2024,331679,43 mm,Steel,Steel (length 20 cm),Orange,300 m
https://www.watchfinder.com/Tag%20Heuer/Carrera/CAR2C12.FC6327/27246/item/244451,Carrera,CAR2C12.FC6327,3160,Yes,2018,244451,45 mm,Steel,,Grey Arabic,100 m
https://www.watchfinder.com/Tag%20Heuer/Carrera%20Ladies/WAR1114.BA0601/38110/item/325208,Carrera Ladies,WAR1114.BA0601,2940,Yes,2021,325208,39 mm,Steel,Steel (length 18 cm),Blue Baton,100 m
https://www.watchfinder.com/Tag%20Heuer/Carrera/CAR5A8K.FT6172/38880/item/247611,Carrera,CAR5A8K.FT6172,17985,Yes,2022,247611,45 mm,Titanium,Leather - Black & Rubber (Adjustable),Skeleton,100 m
https://www.watchfinder.com/Tag%20Heuer/Monaco/CAW2111.FC6183/50064/item/320524,Monaco,CAW2111.FC6183,4390,No,2011,320524,39 mm,Steel,Leather Alligator Grain - Blue (Adjustable),Blue Baton,100 m
https://www.watchfinder.com/Tag%20Heuer/Carrera/CAR5A8Y.FT6072/47936/item/218506,Carrera,CAR5A8Y.FT6072,9980,Yes,2016,218506,45 mm,Titanium,Leather - Brown & Rubber (Adjustable),Skeleton,100 m
https://www.watchfinder.com/Tag%20Heuer/Grand%20Carrera/WAV511E.BA0900/9093/item/315348,Grand Carrera,WAV511E.BA0900,3790,Yes,2018,315348,40 mm,Steel,Steel (length 18 cm),Brown Baton,100 m
https://www.watchfinder.com/Tag%20Heuer/Carrera/CBN2013.FC6483/60737/item/331694,Carrera,CBN2013.FC6483,5255,Yes,2023,331694,42 mm,Steel,,Silver Baton,100 m
https://www.watchfinder.com/Tag%20Heuer/Monaco/CBL2114.FC6486/48088/item/319773,Monaco,CBL2114.FC6486,6075,Yes,2020,319773,39 mm,Steel,Leather - Black (Adjustable),Red Baton,100 m
https://www.watchfinder.com/Tag%20Heuer/Carrera/CV2111/61425/item/278135,Carrera,CV2111,3310,Yes,2012,278135,39 mm,Steel,Steel (length 18 cm),Black Baton,50 m
https://www.watchfinder.com/Tag%20Heuer/Carrera/CV2A81.FC6237/28763/item/310196,Carrera,CV2A81.FC6237,3190,No,2020,310196,43 mm,Titanium,,Black Arabic,100 m
https://www.watchfinder.com/Tag%20Heuer/Carrera/CAR2A5B.FT6044/33189/item/284258,Carrera,CAR2A5B.FT6044,7520,Yes,2018,284258,45 mm,Rose Gold,Rubber - Black (Adjustable),Black Baton,100 m
https://www.watchfinder.com/Tag%20Heuer/Autavia/CBE2110.FC8226/33758/item/333645,Autavia,CBE2110.FC8226,3345,Yes,2020,333645,42 mm,Steel,Leather - Brown (Adjustable),Black Baton,100 m
https://www.watchfinder.com/Tag%20Heuer/Monaco/CAL5112.FC6298/23111/item/318228,Monaco,CAL5112.FC6298,8120,Yes,2015,318228,40 mm,Steel,,Grey,100 m
https://www.watchfinder.com/Tag%20Heuer/Monaco/CAW211P.FC6356/28477/item/330610,Monaco,CAW211P.FC6356,4625,Yes,2017,330610,39 mm,Steel,Leather - Black (Adjustable),Blue Baton,100 m
https://www.watchfinder.com/Tag%20Heuer/Autavia/CBE2118.FC8246/60403/item/333924,Autavia,CBE2118.FC8246,4600,Yes,2024,333924,42 mm,Steel,Leather - Black (Adjustable),Black,100 m
https://www.watchfinder.com/Tag%20Heuer/Carrera/CAR2A11.BA0799/26885/item/311158,Carrera,CAR2A11.BA0799,2940,Yes,2014,311158,43 mm,Steel,Steel (length 19.5 cm),Grey Arabic,100 m
https://www.watchfinder.com/Tag%20Heuer/Link/CAT2012.BA0952/28142/item/253366,Link,CAT2012.BA0952,2160,No,2012,253366,43 mm,Steel,Steel (length 18.5 cm),"Black Dial, Black Sub Dials",200 m
https://www.watchfinder.com/Tag%20Heuer/Carrera/WV211B.BA0787/2928/item/312533,Carrera,WV211B.BA0787,1535,No,2015,312533,39 mm,Steel,Steel (length 18 cm),Black Baton,50 m
https://www.watchfinder.com/Tag%20Heuer/Grand%20Carrera/CAV518B.FC6237/9091/item/311455,Grand Carrera,CAV518B.FC6237,3550,Yes,2009,311455,43 mm,Titanium,,"Black Dial, Black Sub Dials",100 m
https://www.watchfinder.com/Tag%20Heuer/Monaco/CAW211P.FC6356/28477/item/321172,Monaco,CAW211P.FC6356,5015,Yes,2021,321172,39 mm,Steel,Leather - Black (Adjustable),Blue Baton,100 m
https://www.watchfinder.com/Tag%20Heuer/Monaco/CAW2111.FC6183/14266/item/319379,Monaco,CAW2111.FC6183,4495,No,2015,319379,39 mm,Steel,,Blue Baton,100 m
https://www.watchfinder.com/Tag%20Heuer/Aquaracer/WBP2110.BA0627/56833/item/336273,Aquaracer,WBP2110.BA0627,2425,Yes,2024,336273,40 mm,Steel,Steel (length 17.5 cm),Black Baton,200 m
https://www.watchfinder.com/Tag%20Heuer/Aquaracer/WAJ2150.FT6015/15249/item/324165,Aquaracer,WAJ2150.FT6015,2255,Yes,2001,324165,43 mm,Steel & Rose Gold,Rubber - Black (Adjustable),Black Baton,500 m
https://www.watchfinder.com/Tag%20Heuer/Carrera/CBN2A5A.FC6481/50104/item/301621,Carrera,CBN2A5A.FC6481,5160,Yes,2021,301621,44 mm,Steel & Rose Gold,,Black Baton,100 m
https://www.watchfinder.com/Tag%20Heuer/Monaco/CAW2111.FC6356/37018/item/332899,Monaco,CAW2111.FC6356,4810,Yes,2017,332899,39 mm,Steel,Leather - Black (Adjustable),Blue Baton,100 m
https://www.watchfinder.com/Tag%20Heuer/Link/CAT2012.BA0952/28142/item/328903,Link,CAT2012.BA0952,2465,Yes,2014,328903,43 mm,Steel,Steel (length 18.5 cm),"Black Dial, Black Sub Dials",200 m
https://www.watchfinder.com/Tag%20Heuer/Autavia/CBE2110.FC8226/33758/item/319955,Autavia,CBE2110.FC8226,3550,Yes,2019,319955,42 mm,Steel,Leather - Brown & Rubber (Adjustable),Black Baton,100 m
https://www.watchfinder.com/Tag%20Heuer/Carrera/CAR201M.FT6156/44760/item/337186,Carrera,CAR201M.FT6156,3145,Yes,2020,337186,43 mm,Steel,Rubber - Red (Adjustable),Skeleton,100 m
https://www.watchfinder.com/Tag%20Heuer/Grand%20Carrera/CAV511B.BA0902/7896/item/308090,Grand Carrera,CAV511B.BA0902,3195,No,2001,308090,43 mm,Steel,Steel (length 18 cm),Silver Baton,100 m
https://www.watchfinder.com/Tag%20Heuer/Carrera/CBG2A10.BA0654/50580/item/332025,Carrera,CBG2A10.BA0654,4840,Yes,2020,332025,45 mm,Steel,Steel (length 18 cm),Skeleton Black Dial,100 m
https://www.watchfinder.com/Tag%20Heuer/Aquaracer/WBP208B.BF0631/51839/item/294087,Aquaracer,WBP208B.BF0631,3490,Yes,2023,294087,43 mm,Titanium,Titanium (length 19.8 cm),Green,300 m
https://www.watchfinder.com/Tag%20Heuer/Carrera/CBG2011.BA0662/56282/item/312563,Carrera,CBG2011.BA0662,4750,Yes,2020,312563,43 mm,Steel,Steel (length 16 cm),Skeleton Blue Dial,100 m
https://www.watchfinder.com/Tag%20Heuer/Monaco/CBL2111.FC6453/63992/item/320432,Monaco,CBL2111.FC6453,5955,No,2020,320432,39 mm,Steel,Calf - Blue (Adjustable),Blue Baton,100 m
https://www.watchfinder.com/Tag%20Heuer/Aquaracer/CAY2110.BA0927/30947/item/312749,Aquaracer,CAY2110.BA0927,2145,Yes,2015,312749,43 mm,Steel,Steel (length 17.5 cm),Black Baton,300 m
https://www.watchfinder.com/Tag%20Heuer/Carrera/WAR5010.BA0723/27026/item/301811,Carrera,WAR5010.BA0723,2070,Yes,2015,301811,41 mm,Steel,Steel (length 18 cm),Black Baton,100 m
https://www.watchfinder.com/Tag%20Heuer/Carrera%20Ladies/WAR1115.FC6392/59568/item/261471,Carrera Ladies,WAR1115.FC6392,2225,No,2020,261471,39 mm,Steel,Leather - Black (Adjustable),Black Baton,100 m
https://www.watchfinder.com/Tag%20Heuer/Carrera/CBN2A10.BA0643/49220/item/334316,Carrera,CBN2A10.BA0643,4450,Yes,2021,334316,44 mm,Steel,Steel (length 17 cm),Green Baton,100 m
