reference_code,watch_name,collection
WAY208F.BF0638,TAG Heuer Aquaracer Date x Bamford,AQUARACER
CBN2011.BA0642,TAG Heuer Carrera Chronograph,CARRERA
CBN2012.FC6483,TAG Heuer Carrera Chronograph,CARRERA
CBN2A1E.BA0643,TAG Heuer Carrera 160 Years Anniversary,CARRERA
CBL2113.BA0644,TAG Heuer Monaco Chronograph,MONACO
CBN2010.BA0642,TAG Heuer Carrera Chronograph,CARRERA
CBN2013.FC6483,TAG Heuer Carrera Chronograph,CARRERA
CBN2A1D.BA0643,TAG Heuer Carrera 160 Years Anniversary,CARRERA
CAZ101AF.BA0637,TAG Heuer Formula 1 x Senna,FORMULA 1
CAZ201B.FC6487,TAG Heuer Formula 1 x Senna,FORMULA 1
WAY201N.FT6177,TAG Heuer Aquaracer,AQUARACER
WAY201P.FT6178,TAG Heuer Aquaracer,AQUARACER
CBN2A1A.BA0643,TAG HEUER CARRERA Chronograph,CARRERA
CBN2A1B.BA0643,TAG HEUER CARRERA Chronograph,CARRERA
CBN2A5A.FC6481,TAG HEUER CARRERA Chronograph,CARRERA
CBN2A10.BA0643,TAG HEUER CARRERA,CARRERA
CAZ201A.BA0641,TAG HEUER FORMULA 1,FORMULA 1
CBK221C.FC6488,TAG HEUER CARRERA,CARRERA
CBK221B.FC6479,TAG HEUER CARRERA 160 Years Anniversary,CARRERA
SBG8A11.BA0646,TAG Heuer Connected Calibre E4 45mm,CONNECTED
WBC131G.BA0649,TAG HEUER LINK Date,LINK
WBC131F.BA0649,TAG HEUER LINK Date,LINK
WAY201S.BA0927,TAG Heuer Aquaracer Professional 300 Date,AQUARACER
CBL2114.FC6486,TAG Heuer x Grand Prix De Monaco Historique,MONACO
CBL2113.FC6177,TAG Heuer Monaco Chronograph,MONACO
CAZ101AD.FT8024,TAG Heuer Formula 1 Chronograph x Indy 500,FORMULA 1
CAZ101AC.FT8024,TAG Heuer Formula 1 Chronograph,FORMULA 1
CAZ101AC.BA0842,TAG Heuer Formula 1 Chronograph,FORMULA 1
WBD2321.BB0320,TAG HEUER AQUARACER Date,AQUARACER
WBD2120.BB0930,TAG HEUER AQUARACER,AQUARACER
WBD1325.BB0320,TAG HEUER AQUARACER,AQUARACER
WAY201T.BA0927,TAG Heuer Aquaracer,AQUARACER
WAY2018.BA0927,TAG HEUER AQUARACER,AQUARACER
WAZ1018.BA0842,TAG HEUER FORMULA 1,FORMULA 1
CAZ101AB.BA0842,TAG Heuer Formula 1 Chronograph x Red Bull Racing,FORMULA 1
SBG8A80.BT6221,TAG Heuer Connected Calibre E3 45mm,CONNECTED
SBG8A10.BT6219,TAG Heuer Connected Calibre E3 45mm,CONNECTED
SBG8A12.BT6219,TAG Heuer Connected Calibre E3 45mm,CONNECTED
SBG8A10.BA0646,TAG Heuer Connected Calibre E3 45mm,CONNECTED
SBG8A11.BT6220,TAG Heuer Connected Calibre E3 45mm,CONNECTED
SBG8A81.BT6222,TAG Heuer Connected Calibre E3,CONNECTED
SBG8A82.EB0206,TAG Heuer Connected Calibre E3 Golf Edition,CONNECTED
WAW131A.FC6177,TAG Heuer Monaco,MONACO
WAY2010.BA0927,TAG Heuer Aquaracer,AQUARACER
WAY201B.BA0927,TAG Heuer Aquaracer Professional 300 Date,AQUARACER
WBK1316.FC8261,TAG Heuer Carrera,CARRERA
WBK1310.FC8257,TAG Heuer Carrera,CARRERA
WBK1312.FC8259,TAG Heuer Carrera,CARRERA
WBK1317.BA0652,TAG Heuer Carrera,CARRERA
WBK2316.FC8258,TAG Heuer Carrera,CARRERA
WBK1311.BA0652,TAG Heuer Carrera,CARRERA
WBD1315.BA0740,TAG Heuer Aquaracer,AQUARACER
WAR211C.BA0782,TAG Heuer Carrera,CARRERA
WAZ1118.BA0875,TAG Heuer Formula 1 Date,FORMULA 1
WBC1314.BA0600,TAG Heuer Link,LINK
WBC2110.BA0603,TAG Heuer Link Date,LINK
WBC2112.BA0603,TAG Heuer Link Date,LINK
WBD1110.BA0928,TAG Heuer Aquaracer,AQUARACER
WBD1410.BA0741,TAG Heuer Aquaracer,AQUARACER
WBD1412.BA0741,TAG Heuer Aquaracer,AQUARACER
WBK2316.BA0652,TAG Heuer Carrera,CARRERA
CBM2110.FC6454,TAG Heuer Carrera Chronograph,CARRERA
WAZ2011.BA0843,TAG Heuer Formula 1 Date,FORMULA 1
WAR1352.BD0779,TAG Heuer Carrera,CARRERA
WAR201D.BA0723,TAG Heuer Carrera,CARRERA
WAR211B.BA0782,TAG Heuer Carrera,CARRERA
WBK1313.FC8260,TAG Heuer Carrera,CARRERA
WBK1316.BA0652,TAG Heuer Carrera,CARRERA
WBK1318.FC8258,TAG Heuer Carrera,CARRERA
CBK2115.BA0715,TAG Heuer Carrera Chronograph,CARRERA
WBC131E.BA0649,TAG Heuer Link Date,LINK
WAY131N.BA0748,TAG Heuer Aquaracer,AQUARACER
WBC1318.BA0600,TAG Heuer Link,LINK
CBL2111.FC6453,TAG Heuer Monaco Chronograph,MONACO
WAY101L.FC8222,TAG Heuer Aquaracer,AQUARACER
WBJ1412.BA0664,TAG Heuer Formula 1,FORMULA 1
WAY101A.BA0746,TAG Heuer Aquaracer,AQUARACER
WBD2313.BA0740,TAG Heuer Aquaracer,AQUARACER
WAY111Z.BA0928,TAG Heuer Aquaracer,AQUARACER
WAY131L.BA0748,TAG Heuer Aquaracer,AQUARACER
WAZ1112.BA0875,TAG Heuer Formula 1 Date,FORMULA 1
WAR2453.BD0777,TAG Heuer Carrera,CARRERA
WBD2310.BA0740,TAG Heuer Aquaracer,AQUARACER
WBD1112.BA0928,TAG Heuer Aquaracer,AQUARACER
WBD1310.BA0740,TAG Heuer Aquaracer,AQUARACER
WBD1312.BA0740,TAG Heuer Aquaracer,AQUARACER
WAY111C.BA0928,TAG Heuer Aquaracer,AQUARACER
WAY131S.BA0748,TAG Heuer Aquaracer,AQUARACER
WBC1313.BA0600,TAG Heuer Link Date,LINK
WBD1415.BA0741,TAG Heuer Aquaracer,AQUARACER
WAY2012.BA0927,TAG Heuer Aquaracer,AQUARACER
WBD1423.BB0321,TAG Heuer Aquaracer Date,AQUARACER
WAR211A.BA0782,TAG Heuer Carrera,CARRERA
WAR211A.FC6180,TAG Heuer Carrera,CARRERA
WAZ2011.BA0842,TAG Heuer Formula 1 Date,FORMULA 1
WBJ1318.BA0666,TAG Heuer Formula 1,FORMULA 1
WAZ2012.BA0842,TAG Heuer Formula 1 Date,FORMULA 1
WBC1310.BA0600,TAG Heuer Link Date,LINK
WBC1312.BA0600,TAG Heuer Link Date,LINK
WBD1314.BA0740,TAG Heuer Aquaracer,AQUARACER
WBC1311.BA0600,TAG Heuer Link Date,LINK
WBC2111.BA0603,TAG Heuer Link,LINK
WBD2112.BA0928,TAG Heuer Aquaracer,AQUARACER
WBJ1414.FC8234,TAG Heuer Formula 1,FORMULA 1
WBK1312.BA0652,TAG Heuer Carrera,CARRERA
WBK1317.FC8259,TAG Heuer Carrera,CARRERA
WBJ141AA.BA0973,TAG Heuer Formula 1,FORMULA 1
WBK1316.FC8258,TAG Heuer Carrera,CARRERA
WAR2419.BA0776,TAG Heuer Carrera,CARRERA
WAY201A.BA0927,TAG Heuer Aquaracer Professional 300 Date,AQUARACER
WAZ1110.BA0875,TAG Heuer Formula 1 Date,FORMULA 1
WAR211B.FC6181,TAG Heuer Carrera,CARRERA
WAY201F.BA0927,TAG Heuer Aquaracer GMT,AQUARACER
WBD1414.BA0741,TAG Heuer Aquaracer,AQUARACER
WBD1322.BB0320,TAG Heuer Aquaracer Date,AQUARACER
WBD2311.BA0740,TAG Heuer Aquaracer,AQUARACER
WBJ1417.FC8234,TAG Heuer Formula 1,FORMULA 1
WBK2311.FC8258,TAG Heuer Carrera,CARRERA
WAR201E.FC6292,TAG Heuer Carrera,CARRERA
WBC1315.BA0600,TAG Heuer Link,LINK
WBD2312.BA0740,TAG Heuer Aquaracer,AQUARACER
WBK1311.FC8261,TAG Heuer Carrera,CARRERA
WBJ1312.BA0666,TAG Heuer Formula 1,FORMULA 1
WBK1311.FC8258,TAG Heuer Carrera,CARRERA
WBD1320.BB0320,TAG Heuer Aquaracer Date,AQUARACER
WBD131A.FT6170,TAG Heuer Aquaracer,AQUARACER
WBC1316.BA0600,TAG Heuer Link Date,LINK
WBJ141AD.BA0974,TAG Heuer Formula 1,FORMULA 1
WAY131K.BA0748,TAG Heuer Aquaracer Date,AQUARACER
WAR2413.BA0776,TAG Heuer Carrera,CARRERA
WAR2452.BD0777,TAG Heuer Carrera,CARRERA
WAY131M.BA0748,TAG Heuer Aquaracer,AQUARACER
WBK1314.FC8261,TAG Heuer Carrera,CARRERA
WBJ141AB.BA0973,TAG Heuer Formula 1,FORMULA 1
WAR2414.BA0776,TAG Heuer Carrera,CARRERA
WBD1420.BB0321,TAG Heuer Aquaracer Date,AQUARACER
WAY111A.BA0928,TAG Heuer Aquaracer,AQUARACER
WAY2013.BA0927,TAG Heuer Aquaracer,AQUARACER
WAY131C.BA0913,TAG Heuer Aquaracer Date,AQUARACER
WBD2110.BA0928,TAG Heuer Aquaracer,AQUARACER
CAR5A8W.FT6071,TAG Heuer Carrera Chronograph Tourbillon,CARRERA
WAZ111A.BA0875,TAG Heuer Formula 1 Date,FORMULA 1
WBJ131A.BA0666,TAG Heuer Formula 1,FORMULA 1
CAR5A5U.FC6377,TAG Heuer Carrera Chronograph Tourbillon,CARRERA
WBJ141A.BA0664,TAG Heuer Formula 1,FORMULA 1
WBJ141AC.BA0974,TAG Heuer Formula 1,FORMULA 1
WBC1317.BA0600,TAG Heuer Link,LINK
WAR2411.BA0776,TAG Heuer Carrera,CARRERA
WAZ1110.FT8023,TAG Heuer Formula 1 Date,FORMULA 1
WAZ1010.BA0842,TAG Heuer Formula 1 Date,FORMULA 1
WBD1422.BB0321,TAG Heuer Aquaracer Date,AQUARACER
WAR201D.FC6291,TAG Heuer Carrera,CARRERA
WBK2311.BA0652,TAG Heuer Carrera,CARRERA
WAZ1120.BB0879,TAG Heuer Formula 1,FORMULA 1
WBK1318.BA0652,TAG Heuer Carrera,CARRERA
WAR1314.BA0778,TAG Heuer Carrera,CARRERA
CBG2090.BH0661,TAG Heuer Carrera Chronograph,CARRERA
CAZ1011.BA0842,TAG Heuer Formula 1 Chronograph,FORMULA 1
CBC2110.BA0603,TAG Heuer Link Chronograph,LINK
CBG2010.FT6144,TAG Heuer Carrera,CARRERA
CBC2112.BA0603,TAG Heuer Link Chronograph,LINK
CBG2A10.BA0654,TAG Heuer Carrera,CARRERA
CAZ2012.BA0970,TAG Heuer Formula 1 Chronograph,FORMULA 1
CBG2010.BA0662,TAG Heuer Carrera,CARRERA
CAY2112.BA0927,TAG Heuer Aquaracer,AQUARACER
CAW211P.FC6356,TAG Heuer Monaco Chronograph,MONACO
CBG2A10.FT6169,TAG Heuer Carrera,CARRERA
WAR201A.BA0723,TAG Heuer Carrera,CARRERA
WAR201C.BA0723,TAG Heuer Carrera,CARRERA
WAR201C.FC6266,TAG Heuer Carrera,CARRERA
CAY1110.BA0927,TAG Heuer Aquaracer,AQUARACER
CBK2112.FC6292,TAG Heuer Carrera,CARRERA
CAW211R.FC6401,TAG Heuer Monaco Gulf,MONACO
CBG2011.BA0662,TAG Heuer Carrera,CARRERA
CBG2A11.BA0654,TAG Heuer Carrera Chronograph,CARRERA
CBG2A51.FC6450,TAG Heuer Carrera Chronograph,CARRERA
CV2A1R.FC6235,TAG Heuer Carrera,CARRERA
CAZ1011.BA0843,TAG Heuer Formula 1 Chronograph,FORMULA 1
CV2A84.FC6394,TAG Heuer Carrera,CARRERA
CBK2110.BA0715,TAG Heuer Carrera Chronograph,CARRERA
CBG2051.FC6426,TAG Heuer Carrera Chronograph,CARRERA
CAZ2010.BA0876,TAG Heuer Formula 1,FORMULA 1
CBG2016.FT6143,TAG Heuer Carrera,CARRERA
CBG2090.FT6145,TAG Heuer Carrera Chronograph,CARRERA
CBG2010.FT6143,TAG Heuer Carrera,CARRERA
CBK2110.FC6266,TAG Heuer Carrera,CARRERA
CBM2110.BA0651,TAG Heuer Carrera Chronograph,CARRERA
CBG2A90.FT6173,TAG Heuer Carrera Chronograph,CARRERA
CBK2112.BA0715,TAG Heuer Carrera Chronograph,CARRERA
CV2A1R.BA0799,TAG Heuer Carrera,CARRERA
WAR1315.BA0778,TAG Heuer Carrera,CARRERA
CBM2112.BA0651,TAG Heuer Carrera Chronograph,CARRERA
CV201AP.FC6429,TAG Heuer Carrera,CARRERA
CV201AR.BA0715,TAG Heuer Carrera,CARRERA
CV2A1AB.FC6379,TAG Heuer Carrera,CARRERA
WAR1311.BA0778,TAG Heuer Carrera,CARRERA
CAZ1010.BA0842,TAG Heuer Formula 1 Chronograph,FORMULA 1
CAZ2012.BA0876,TAG Heuer Formula 1 Chronograph,FORMULA 1
CBG2A10.FT6168,TAG Heuer Carrera,CARRERA
CBM2112.FC6455,TAG Heuer Carrera,CARRERA
CV2A1U.BA0738,TAG Heuer Carrera,CARRERA
WAR201E.BA0723,TAG Heuer Carrera,CARRERA
CAY111B.BA0927,TAG Heuer Aquaracer,AQUARACER
CV2A1AB.BA0738,TAG Heuer Carrera,CARRERA
CBG2A1Z.BA0658,TAG Heuer Carrera Chronograph Twin-Time,CARRERA
CBG2A90.BH0653,TAG Heuer Carrera,CARRERA
CBG2A91.FT6173,TAG Heuer Carrera,CARRERA
CBG2050.FC6426,TAG Heuer Carrera Chronograph,CARRERA
CAZ2015.BA0876,TAG Heuer Formula 1 Chronograph,FORMULA 1
CAR5A90.FC6415,TAG Heuer Carrera Chronograph Tourbillon,CARRERA
CBG2A1Z.FT6157,TAG Heuer Carrera Chronograph Twin-Time,CARRERA
CBG2A50.FC6450,TAG Heuer Carrera Chronograph,CARRERA
CBG2A11.FC6460,TAG Heuer Carrera,CARRERA
CAZ101E.BA0842,TAG Heuer Formula 1 Chronograph,FORMULA 1
CAZ101K.BA0842,TAG Heuer Formula 1 Chronograph,FORMULA 1
CAY111A.BA0927,TAG Heuer Aquaracer,AQUARACER
CAZ101N.FC8243,TAG Heuer Formula 1 Chronograph,FORMULA 1
CAR5A8Y.FC6377,TAG Heuer Carrera Chronograph Tourbillon,CARRERA
CAZ1014.BA0842,TAG Heuer Formula 1 Chronograph,FORMULA 1
CAZ1010.FT8024,TAG Heuer Formula 1 Chronograph,FORMULA 1
CAZ1014.FC8196,TAG Heuer Formula 1,FORMULA 1
WBE5193.FC8300,TAG Heuer Autavia Chinese New Year,AUTAVIA
CAR5A8D.EB0212,TAG Heuer Carrera Caliber Heuer 02T 160th Anniversary,CARRERA
CAR5A8H.FC6448,TAG Heuer Carrera,CARRERA
CBG2019.BA0662,TAG Heuer Carrera,CARRERA
CBK2114.BA0715,TAG Heuer Carrera,CARRERA
WBD1111.FT6186,TAG Heuer Aquaracer,AQUARACER
CAZ1014.FT8028,TAG Heuer Formula 1 Chronograph,FORMULA 1
CAW2111.FC6255,TAG Heuer Monaco,MONACO
CAR5A80.FC6377,TAG Heuer Carrera,CARRERA
CBN2A1F.FC6492,TAG Heuer Carrera Chronograph x Porsche,CARRERA
WBJ131A.FC8254,TAG Heuer Formula 1,FORMULA 1
CAZ101AH.BA0842,TAG Heuer Formula 1 Chronograph,FORMULA 1
CAZ101E.FC8228,TAG Heuer Formula 1,FORMULA 1
WBJ131A.FC8251,TAG Heuer Formula 1,FORMULA 1
WAW131E.FC6420,TAG Heuer Monaco,MONACO
CAW211J.FC6476,TAG Heuer Monaco Calibre 12 Final Edition,MONACO
CBL2116.FC6497,TAG Heuer Monaco Green Dial,MONACO
WBE5190.FC8268,TAG Heuer Autavia,AUTAVIA
WBE5191.FC8276,TAG Heuer Autavia,AUTAVIA
WBE5116.FC8266,TAG Heuer Autavia,AUTAVIA
WBE5114.FC8266,TAG Heuer Autavia,AUTAVIA
WBE5114.EB0173,TAG Heuer Autavia,AUTAVIA
WBE5116.EB0173,TAG Heuer Autavia,AUTAVIA
WBE5192.FC8300,TAG Heuer Autavia,AUTAVIA
CV2A83.FC6393,TAG Heuer Carrera,CARRERA
WAY211A.BA0928,TAG Heuer Aquaracer,AQUARACER
CBN2A1F.BA0643,TAG Heuer Carrera Chronograph x Porsche,CARRERA
CBN2041.FC8306,TAG Heuer Carrera Chronograph Gold Jack Heuer's Birthday,CARRERA
WAZ101A.FC8305,TAG Heuer Formula 1,FORMULA 1
CAZ101AG.FC8304,TAG Heuer Formula 1 Chronograph,FORMULA 1
CAZ101AG.BA0842,TAG Heuer Formula 1 Chronograph,FORMULA 1
WBP208C.FT6201,TAG Heuer Aquaracer Professional 300 Date,AQUARACER
WBP208B.BF0631,TAG Heuer Aquaracer Professional 300 Date,AQUARACER
WBP201A.BA0632,TAG Heuer Aquaracer Professional 300 Date,AQUARACER
WBP201B.BA0632,TAG Heuer Aquaracer Professional 300 Date,AQUARACER
WBP201C.BA0632,TAG Heuer Aquaracer Professional 300 Date,AQUARACER
WBP231D.BA0626,TAG Heuer Aquaracer Professional 300 Date,AQUARACER
WBP231B.BA0618,TAG Heuer Aquaracer Professional 300 Date,AQUARACER
CAR5A8C.BF0707,TAG Heuer Carrera,CARRERA
CAZ101AC.BA0843,TAG Heuer Formula 1,FORMULA 1
CBL2111.BA0644,TAG Heuer Monaco Chronograph,MONACO
CBK221D.FC6479,TAG Heuer Carrera 'Dato' Limited Edition for HODINKEE,CARRERA
CBK221F.FC6479,TAG Heuer Carrera Green,CARRERA
WAR201P.FC6485,TAG Heuer Carrera,CARRERA
WAR201M.BA0723,TAG Heuer Carrera,CARRERA
WAR241M.BA0776,TAG Heuer Carrera,CARRERA
WAR1353.BD0779,TAG Heuer Carrera,CARRERA
CBG2011.FC6430,TAG Heuer Carrera,CARRERA
CAR5A90.BH0742,TAG Heuer Carrera Chronograph Tourbillon,CARRERA
CAZ101M.FT8024,TAG Heuer Formula 1 Manchester United Special Edition,FORMULA 1
WBJ1314.FC8230,TAG Heuer Formula 1,FORMULA 1
CAZ101P.FC8245,TAG Heuer Formula 1,FORMULA 1
WBP231C.BA0626,TAG Heuer Aquaracer Professional 300 Date,AQUARACER
WBD2320.BA0740,TAG HEUER AQUARACER,AQUARACER
WBD131D.BA0748,TAG Heuer Aquaracer,AQUARACER
WBD2113.BA0928,TAG Heuer Aquaracer,AQUARACER
WAY131P.BA0748,TAG Heuer Aquaracer,AQUARACER
WAY101C.BA0746,TAG Heuer Aquaracer,AQUARACER
WBD1411.BA0741,TAG Heuer Aquaracer,AQUARACER
WBD1311.BA0740,TAG Heuer Aquaracer,AQUARACER
CAW218B.FC6496,TAG Heuer Monaco Titan,MONACO
WAW131B.FC6247,TAG Heuer Monaco,MONACO
CBK2117.FC6266,TAG Heuer Carrera,CARRERA
CAR5A80.FT6072,TAG Heuer Carrera,CARRERA
CAR5A91.FT6162,TAG Heuer Carrera Senna Special Edition,CARRERA
WBJ1312.FC8231,TAG Heuer Formula 1,FORMULA 1
WBJ1317.FC8230,TAG Heuer Formula 1,FORMULA 1
WBJ1421.BB0648,TAG Heuer Formula 1,FORMULA 1
WBD1111.BA0928,TAG Heuer Aquaracer,AQUARACER
WBD2111.BA0928,TAG Heuer Aquaracer,AQUARACER
CAZ101AK.BA0842,TAG Heuer Formula 1 Chronograph x Red Bull Racing,FORMULA 1
WBC1391.BH0745,TAG Heuer Link,LINK
CBN2A1B.FC6481,TAG Heuer Carrera,CARRERA
CAZ101N.BA0842,TAG Heuer Formula 1,43 MM QUARTZ
WBP201D.FT6197,TAG Heuer Aquaracer Professional 300 Date,AQUARACER
WBP201A.FT6197,TAG Heuer Aquaracer Professional 300 Date,AQUARACER
WBP201B.FT6198,TAG Heuer Aquaracer Professional 300 Date,AQUARACER
CBN2A1G.FC6501,TAG Heuer Carrera,CARRERA
WBN201A.BA0640,TAG Heuer Carrera Twin-Time,CARRERA
WBN2110.BA0639,TAG Heuer Carrera Date,CARRERA
WBN2113.BA0639,TAG Heuer Carrera Date,CARRERA
WBN2112.BA0639,TAG Heuer Carrera Date,CARRERA
WBN2111.BA0639,TAG Heuer Carrera Date,CARRERA
WBN2010.BA0640,TAG Heuer Carrera Day-Date,CARRERA
WBN2013.BA0640,TAG Heuer Carrera Day-Date,CARRERA
WBN2012.BA0640,TAG Heuer Carrera Day-Date,CARRERA
WBN2011.FC6484,TAG Heuer Carrera Day-Date,CARRERA
WBN2410.BA0621,TAG Heuer Carrera Date,CARRERA
WBN2411.BA0621,TAG Heuer Carrera Date,CARRERA
WBN2412.BA0621,TAG Heuer Carrera Date,CARRERA
WBN2413.BA0621,TAG Heuer Carrera Date,CARRERA
CAZ101AJ.FC6487,TAG Heuer Formula 1 Chronograph x Senna,FORMULA 1
BC0929,TAG HEUER FORMULA 1 Red Leather Band,FORMULA 1
BC0927,TAG HEUER FORMULA 1 Brown Leather Band,FORMULA 1
BC0930,TAG HEUER FORMULA 1 White Leather Band,FORMULA 1
BC0921,TAG HEUER FORMULA 1 Blue Leather Band,FORMULA 1
BA0666,TAG HEUER FORMULA 1 Steel Band,FORMULA 1
BA0664,TAG HEUER FORMULA 1 Steel Band,FORMULA 1
BC0923,TAG HEUER FORMULA 1 Blue Leather Band,FORMULA 1
BC0928,TAG HEUER FORMULA 1 White Leather Band,FORMULA 1
BC0922,TAG HEUER FORMULA 1 Brown Leather Band,FORMULA 1
CBE511C.FC8280,TAG Heuer Autavia Flyback Chronometer,AUTAVIA
CBN2014.EB0240,TAG Heuer Carrera Chronograph,CARRERA
WBN2012.FC6502,TAG Heuer Carrera Day-Date,CARRERA
WBN2112.FC6504,TAG Heuer Carrera Date,CARRERA
WBN2013.FC6503,TAG Heuer Carrera Day-Date,CARRERA
WBN2111.FC6505,TAG Heuer Carrera Date,CARRERA
WBN2050.FC6506,TAG Heuer Carrera Tiger,CARRERA
CAZ101AL.FT8052,TAG Heuer Formula 1 Chronograph x Red Bull Racing,FORMULA 1
CAZ101AL.BA0842,TAG Heuer Formula 1 Chronograph x Red Bull Racing,FORMULA 1
WBP2110.BA0627,TAG Heuer Aquaracer Professional 200 Date,AQUARACER
WBP2111.BA0627,TAG Heuer Aquaracer Professional 200 Date,AQUARACER
WBP1110.BA0627,TAG Heuer Aquaracer Professional 200,AQUARACER
WBP1111.BA0627,TAG Heuer Aquaracer Professional 200,AQUARACER
WBP2410.BA0622,TAG Heuer Aquaracer Professional 200 Date,AQUARACER
WBP2411.BA0622,TAG Heuer Aquaracer Professional 200 Date,AQUARACER
WBP1417.BA0622,TAG Heuer Aquaracer Professional 200,AQUARACER
WBP1416.BA0622,TAG Heuer Aquaracer Professional 200,AQUARACER
WBP1410.BA0622,TAG Heuer Aquaracer Professional 200,AQUARACER
WBP1411.BA0622,TAG Heuer Aquaracer Professional 200,AQUARACER
WBP1415.BA0622,TAG Heuer Aquaracer Professional 200,AQUARACER
WBD1110.FT8021,TAG Heuer Aquaracer,AQUARACER
CAY2110.BA0927,TAG Heuer Aquaracer,AQUARACER
WBD131B.BA0748,TAG Heuer Aquaracer,AQUARACER
WBD131C.BA0748,TAG Heuer Aquaracer,AQUARACER
WBE511A.BA0650,TAG Heuer Autavia GMT COSC,AUTAVIA
CBE511B.FC8279,TAG Heuer Autavia Flyback Chronometer,AUTAVIA
CBN2A1H.FC6512,TAG Heuer Carrera Chronograph x Porsche Yellow Racing,CARRERA
WBP5A8A.BF0619,TAG Heuer Aquaracer Professional 1000 Superdiver,AQUARACER
WBP201F.BA0632,TAG Heuer Aquaracer Professional 300 Orange Diver,AQUARACER
CBL2115.FC6494,TAG Heuer Monaco Chronograph x Gulf,MONACO
CAZ201D.BA0633,TAG Heuer Formula 1 Chronograph x Senna,FORMULA 1
WBP1450.BA0622,TAG Heuer Aquaracer Professional 200,AQUARACER
CBL2180.FC6497,TAG Heuer Monaco Chronograph,MONACO
CAZ101AR.BA0842,TAG Heuer Formula 1 x Indy 500,FORMULA 1
WBP231G.FT6226,TAG Heuer Aquaracer Professional 300 Date,AQUARACER
CBN2A1AA.FT6228,TAG Heuer Carrera Chronograph,CARRERA
CBN2A1AA.BA0643,TAG Heuer Carrera Chronograph,CARRERA
CBN2A1A.FC6537,TAG Heuer Carrera Chronograph,CARRERA
WBP231J.BA0618,TAG Heuer Aquaracer Professional 300 Date,AQUARACER
CBL2118.FC6518,TAG Heuer Monaco Purple Dial,MONACO
CAR5A8AD.FC6415,TAG Heuer Carrera,CARRERA
CBK221G.FC6479,TAG Heuer Carrera Chronograph,CARRERA
WBP2010.BA0632,TAG Heuer Aquaracer Professional 300 GMT,AQUARACER
WBP2010.FT6198,TAG Heuer Aquaracer Professional 300 GMT,AQUARACER
CAZ101AM.FT8054,TAG Heuer Formula 1 Chronograph,FORMULA 1
CAZ101AP.FT8056,TAG Heuer Formula 1 Chronograph,FORMULA 1
CAZ101AN.FT8055,TAG Heuer Formula 1 Chronograph,FORMULA 1
CBN2019.BA0642,TAG Heuer Carrera Calibre Heuer 02 Chronograph Japan,CARRERA
WBN2414.BA0621,TAG Heuer Carrera Date,CARRERA
WBN2450.BD0569,TAG Heuer Carrera Date,CARRERA
CBN2045.FC8316,TAG Heuer Carrera Chronograph x Porsche RS 2.7,CARRERA
CBN2016.EB0275,TAG Heuer Carrera Chronograph x Porsche RS 2.7,CARRERA
WBP1112.FT6199,TAG Heuer Aquaracer Professional 200 Solargraph,AQUARACER
SBR8A82.EB0264,TAG Heuer Connected Calibre E4 Porsche Edition,CONNECTED
CBN2044.FC8313,TAG Heuer Carrera Chronograph,CARRERA
CBN2A1L.FC6521,TAG Heuer Carrera Chronograph Year of the Rabbit,CARRERA
CAR5A8AF.FC6415,TAG Heuer Carrera Chronograph Tourbillon Polychrome,CARRERA
WBN2451.BD0567,TAG Heuer Carrera Date,CARRERA
